"idServidor","horario","valorLido"
"5c:cd:5b:bf:96:9a","2022-07-01 00:00:00",68.6
"5c:cd:5b:bf:96:9a","2022-07-01 01:53:19",50.5
"5c:cd:5b:bf:96:9a","2022-07-01 03:46:39",11.1
"5c:cd:5b:bf:96:9a","2022-07-01 05:39:58",7
"5c:cd:5b:bf:96:9a","2022-07-01 07:33:18",28
"5c:cd:5b:bf:96:9a","2022-07-01 09:26:38",7.3
"5c:cd:5b:bf:96:9a","2022-07-01 11:19:57",11
"5c:cd:5b:bf:96:9a","2022-07-01 13:13:17",15.4
"5c:cd:5b:bf:96:9a","2022-07-01 15:06:37",24
"5c:cd:5b:bf:96:9a","2022-07-01 16:59:56",2.2
"5c:cd:5b:bf:96:9a","2022-07-01 18:53:16",9.5
"5c:cd:5b:bf:96:9a","2022-07-01 20:46:36",24.3
"5c:cd:5b:bf:96:9a","2022-07-01 22:39:55",15.4
"5c:cd:5b:bf:96:9a","2022-07-02 00:33:15",9.3
"5c:cd:5b:bf:96:9a","2022-07-02 02:26:35",33.5
"5c:cd:5b:bf:96:9a","2022-07-02 04:19:54",11.1
"5c:cd:5b:bf:96:9a","2022-07-02 06:13:14",9.3
"5c:cd:5b:bf:96:9a","2022-07-02 08:06:34",5.9
"5c:cd:5b:bf:96:9a","2022-07-02 09:59:53",4.1
"5c:cd:5b:bf:96:9a","2022-07-02 11:53:13",12.2
"5c:cd:5b:bf:96:9a","2022-07-02 13:46:33",53.1
"5c:cd:5b:bf:96:9a","2022-07-02 15:39:52",44.4
"5c:cd:5b:bf:96:9a","2022-07-02 17:33:12",1.1
"5c:cd:5b:bf:96:9a","2022-07-02 19:26:32",46.5
"5c:cd:5b:bf:96:9a","2022-07-02 21:19:51",1.1
"5c:cd:5b:bf:96:9a","2022-07-02 23:13:11",18.4
"5c:cd:5b:bf:96:9a","2022-07-03 01:06:31",16
"5c:cd:5b:bf:96:9a","2022-07-03 02:59:50",2.2
"5c:cd:5b:bf:96:9a","2022-07-03 04:53:10",7.9
"5c:cd:5b:bf:96:9a","2022-07-03 06:46:30",2.9
"5c:cd:5b:bf:96:9a","2022-07-03 08:39:49",50.5
"5c:cd:5b:bf:96:9a","2022-07-03 10:33:09",9.5
"5c:cd:5b:bf:96:9a","2022-07-03 12:26:29",22.5
"5c:cd:5b:bf:96:9a","2022-07-03 14:19:48",17.4
"5c:cd:5b:bf:96:9a","2022-07-03 16:13:08",21.2
"5c:cd:5b:bf:96:9a","2022-07-03 18:06:27",41.1
"5c:cd:5b:bf:96:9a","2022-07-03 19:59:47",15.4
"5c:cd:5b:bf:96:9a","2022-07-03 21:53:07",11.3
"5c:cd:5b:bf:96:9a","2022-07-03 23:46:26",5.1
"5c:cd:5b:bf:96:9a","2022-07-04 01:39:46",21.2
"5c:cd:5b:bf:96:9a","2022-07-04 03:33:06",46.5
"5c:cd:5b:bf:96:9a","2022-07-04 05:26:25",11.7
"5c:cd:5b:bf:96:9a","2022-07-04 07:19:45",66.2
"5c:cd:5b:bf:96:9a","2022-07-04 09:13:05",11
"5c:cd:5b:bf:96:9a","2022-07-04 11:06:24",50.3
"5c:cd:5b:bf:96:9a","2022-07-04 12:59:44",2.2
"5c:cd:5b:bf:96:9a","2022-07-04 14:53:04",11.7
"5c:cd:5b:bf:96:9a","2022-07-04 16:46:23",68.6
"5c:cd:5b:bf:96:9a","2022-07-04 18:39:43",15.1
"5c:cd:5b:bf:96:9a","2022-07-04 20:33:03",24
"5c:cd:5b:bf:96:9a","2022-07-04 22:26:22",9.7
"5c:cd:5b:bf:96:9a","2022-07-05 00:19:42",66.2
"5c:cd:5b:bf:96:9a","2022-07-05 02:13:02",37.8
"5c:cd:5b:bf:96:9a","2022-07-05 04:06:21",1.3
"5c:cd:5b:bf:96:9a","2022-07-05 05:59:41",68.6
"5c:cd:5b:bf:96:9a","2022-07-05 07:53:01",14.9
"5c:cd:5b:bf:96:9a","2022-07-05 09:46:20",37.8
"5c:cd:5b:bf:96:9a","2022-07-05 11:39:40",4.1
"5c:cd:5b:bf:96:9a","2022-07-05 13:33:00",41.1
"5c:cd:5b:bf:96:9a","2022-07-05 15:26:19",7.3
"5c:cd:5b:bf:96:9a","2022-07-05 17:19:39",17.4
"5c:cd:5b:bf:96:9a","2022-07-05 19:12:59",7.1
"5c:cd:5b:bf:96:9a","2022-07-05 21:06:18",5.1
"5c:cd:5b:bf:96:9a","2022-07-05 22:59:38",36.4
"5c:cd:5b:bf:96:9a","2022-07-06 00:52:58",9.1
"5c:cd:5b:bf:96:9a","2022-07-06 02:46:17",39.8
"5c:cd:5b:bf:96:9a","2022-07-06 04:39:37",66.2
"5c:cd:5b:bf:96:9a","2022-07-06 06:32:57",27.1
"5c:cd:5b:bf:96:9a","2022-07-06 08:26:16",37.8
"5c:cd:5b:bf:96:9a","2022-07-06 10:19:36",9.7
"5c:cd:5b:bf:96:9a","2022-07-06 12:12:55",36.4
"5c:cd:5b:bf:96:9a","2022-07-06 14:06:15",50.5
"5c:cd:5b:bf:96:9a","2022-07-06 15:59:35",46.5
"5c:cd:5b:bf:96:9a","2022-07-06 17:52:54",5.1
"5c:cd:5b:bf:96:9a","2022-07-06 19:46:14",93.6
"5c:cd:5b:bf:96:9a","2022-07-06 21:39:34",7
"5c:cd:5b:bf:96:9a","2022-07-06 23:32:53",2.7
"5c:cd:5b:bf:96:9a","2022-07-07 01:26:13",7
"5c:cd:5b:bf:96:9a","2022-07-07 03:19:33",6.1
"5c:cd:5b:bf:96:9a","2022-07-07 05:12:52",28
"5c:cd:5b:bf:96:9a","2022-07-07 07:06:12",3.9
"5c:cd:5b:bf:96:9a","2022-07-07 08:59:32",12.2
"5c:cd:5b:bf:96:9a","2022-07-07 10:52:51",22.5
"5c:cd:5b:bf:96:9a","2022-07-07 12:46:11",30.5
"5c:cd:5b:bf:96:9a","2022-07-07 14:39:31",1.7
"5c:cd:5b:bf:96:9a","2022-07-07 16:32:50",56.8
"5c:cd:5b:bf:96:9a","2022-07-07 18:26:10",11
"5c:cd:5b:bf:96:9a","2022-07-07 20:19:30",7
"5c:cd:5b:bf:96:9a","2022-07-07 22:12:49",50.3
"5c:cd:5b:bf:96:9a","2022-07-08 00:06:09",11.3
"5c:cd:5b:bf:96:9a","2022-07-08 01:59:29",93.6
"5c:cd:5b:bf:96:9a","2022-07-08 03:52:48",19.5
"5c:cd:5b:bf:96:9a","2022-07-08 05:46:08",11
"5c:cd:5b:bf:96:9a","2022-07-08 07:39:28",74.4
"5c:cd:5b:bf:96:9a","2022-07-08 09:32:47",25.9
"5c:cd:5b:bf:96:9a","2022-07-08 11:26:07",14.9
"5c:cd:5b:bf:96:9a","2022-07-08 13:19:27",19.5
"5c:cd:5b:bf:96:9a","2022-07-08 15:12:46",10.2
"5c:cd:5b:bf:96:9a","2022-07-08 17:06:06",2.9
"5c:cd:5b:bf:96:9a","2022-07-08 18:59:26",20.2
"5c:cd:5b:bf:96:9a","2022-07-08 20:52:45",11.7
"5c:cd:5b:bf:96:9a","2022-07-08 22:46:05",36.4
"5c:cd:5b:bf:96:9a","2022-07-09 00:39:25",41.1
"5c:cd:5b:bf:96:9a","2022-07-09 02:32:44",1.3
"5c:cd:5b:bf:96:9a","2022-07-09 04:26:04",41.1
"5c:cd:5b:bf:96:9a","2022-07-09 06:19:23",24.3
"5c:cd:5b:bf:96:9a","2022-07-09 08:12:43",15.7
"5c:cd:5b:bf:96:9a","2022-07-09 10:06:03",7
"5c:cd:5b:bf:96:9a","2022-07-09 11:59:22",11.3
"5c:cd:5b:bf:96:9a","2022-07-09 13:52:42",11.1
"5c:cd:5b:bf:96:9a","2022-07-09 15:46:02",2.9
"5c:cd:5b:bf:96:9a","2022-07-09 17:39:21",33.5
"5c:cd:5b:bf:96:9a","2022-07-09 19:32:41",74.4
"5c:cd:5b:bf:96:9a","2022-07-09 21:26:01",18.4
"5c:cd:5b:bf:96:9a","2022-07-09 23:19:20",37.8
"5c:cd:5b:bf:96:9a","2022-07-10 01:12:40",66.2
"5c:cd:5b:bf:96:9a","2022-07-10 03:06:00",54.9
"5c:cd:5b:bf:96:9a","2022-07-10 04:59:19",22.6
"5c:cd:5b:bf:96:9a","2022-07-10 06:52:39",22.4
"5c:cd:5b:bf:96:9a","2022-07-10 08:45:59",7
"5c:cd:5b:bf:96:9a","2022-07-10 10:39:18",30.5
"5c:cd:5b:bf:96:9a","2022-07-10 12:32:38",21.2
"5c:cd:5b:bf:96:9a","2022-07-10 14:25:58",58.7
"5c:cd:5b:bf:96:9a","2022-07-10 16:19:17",35.5
"5c:cd:5b:bf:96:9a","2022-07-10 18:12:37",35.5
"5c:cd:5b:bf:96:9a","2022-07-10 20:05:57",29.7
"5c:cd:5b:bf:96:9a","2022-07-10 21:59:16",29.7
"5c:cd:5b:bf:96:9a","2022-07-10 23:52:36",9.3
"5c:cd:5b:bf:96:9a","2022-07-11 01:45:56",50.3
"5c:cd:5b:bf:96:9a","2022-07-11 03:39:15",37.8
"5c:cd:5b:bf:96:9a","2022-07-11 05:32:35",10.2
"5c:cd:5b:bf:96:9a","2022-07-11 07:25:55",2.2
"5c:cd:5b:bf:96:9a","2022-07-11 09:19:14",30.5
"5c:cd:5b:bf:96:9a","2022-07-11 11:12:34",36.4
"5c:cd:5b:bf:96:9a","2022-07-11 13:05:54",11.1
"5c:cd:5b:bf:96:9a","2022-07-11 14:59:13",56.8
"5c:cd:5b:bf:96:9a","2022-07-11 16:52:33",2.2
"5c:cd:5b:bf:96:9a","2022-07-11 18:45:53",9.5
"5c:cd:5b:bf:96:9a","2022-07-11 20:39:12",66.2
"5c:cd:5b:bf:96:9a","2022-07-11 22:32:32",37
"5c:cd:5b:bf:96:9a","2022-07-12 00:25:51",46.5
"5c:cd:5b:bf:96:9a","2022-07-12 02:19:11",36.4
"5c:cd:5b:bf:96:9a","2022-07-12 04:12:31",68.6
"5c:cd:5b:bf:96:9a","2022-07-12 06:05:50",9.7
"5c:cd:5b:bf:96:9a","2022-07-12 07:59:10",10.2
"5c:cd:5b:bf:96:9a","2022-07-12 09:52:30",3.2
"5c:cd:5b:bf:96:9a","2022-07-12 11:45:49",93.6
"5c:cd:5b:bf:96:9a","2022-07-12 13:39:09",2.2
"5c:cd:5b:bf:96:9a","2022-07-12 15:32:29",19.5
"5c:cd:5b:bf:96:9a","2022-07-12 17:25:48",19.5
"5c:cd:5b:bf:96:9a","2022-07-12 19:19:08",24.3
"5c:cd:5b:bf:96:9a","2022-07-12 21:12:28",7
"5c:cd:5b:bf:96:9a","2022-07-12 23:05:47",35.1
"5c:cd:5b:bf:96:9a","2022-07-13 00:59:07",5.9
"5c:cd:5b:bf:96:9a","2022-07-13 02:52:27",22.4
"5c:cd:5b:bf:96:9a","2022-07-13 04:45:46",30.5
"5c:cd:5b:bf:96:9a","2022-07-13 06:39:06",44.4
"5c:cd:5b:bf:96:9a","2022-07-13 08:32:26",15.1
"5c:cd:5b:bf:96:9a","2022-07-13 10:25:45",36.4
"5c:cd:5b:bf:96:9a","2022-07-13 12:19:05",93.6
"5c:cd:5b:bf:96:9a","2022-07-13 14:12:25",9.1
"5c:cd:5b:bf:96:9a","2022-07-13 16:05:44",11.1
"5c:cd:5b:bf:96:9a","2022-07-13 17:59:04",36.4
"5c:cd:5b:bf:96:9a","2022-07-13 19:52:24",4.1
"5c:cd:5b:bf:96:9a","2022-07-13 21:45:43",20.2
"5c:cd:5b:bf:96:9a","2022-07-13 23:39:03",3.2
"5c:cd:5b:bf:96:9a","2022-07-14 01:32:23",66.2
"5c:cd:5b:bf:96:9a","2022-07-14 03:25:42",15.4
"5c:cd:5b:bf:96:9a","2022-07-14 05:19:02",9.1
"5c:cd:5b:bf:96:9a","2022-07-14 07:12:22",50.3
"5c:cd:5b:bf:96:9a","2022-07-14 09:05:41",26.6
"5c:cd:5b:bf:96:9a","2022-07-14 10:59:01",7.3
"5c:cd:5b:bf:96:9a","2022-07-14 12:52:20",2.2
"5c:cd:5b:bf:96:9a","2022-07-14 14:45:40",66.7
"5c:cd:5b:bf:96:9a","2022-07-14 16:39:00",15.1
"5c:cd:5b:bf:96:9a","2022-07-14 18:32:19",58.7
"5c:cd:5b:bf:96:9a","2022-07-14 20:25:39",21.2
"5c:cd:5b:bf:96:9a","2022-07-14 22:18:59",68.6
"5c:cd:5b:bf:96:9a","2022-07-15 00:12:18",27.1
"5c:cd:5b:bf:96:9a","2022-07-15 02:05:38",36.4
"5c:cd:5b:bf:96:9a","2022-07-15 03:58:58",50.3
"5c:cd:5b:bf:96:9a","2022-07-15 05:52:17",26.6
"5c:cd:5b:bf:96:9a","2022-07-15 07:45:37",3.2
"5c:cd:5b:bf:96:9a","2022-07-15 09:38:57",3.9
"5c:cd:5b:bf:96:9a","2022-07-15 11:32:16",28
"5c:cd:5b:bf:96:9a","2022-07-15 13:25:36",37.8
"5c:cd:5b:bf:96:9a","2022-07-15 15:18:56",2.2
"5c:cd:5b:bf:96:9a","2022-07-15 17:12:15",5.1
"5c:cd:5b:bf:96:9a","2022-07-15 19:05:35",11.1
"5c:cd:5b:bf:96:9a","2022-07-15 20:58:55",16
"5c:cd:5b:bf:96:9a","2022-07-15 22:52:14",24
"5c:cd:5b:bf:96:9a","2022-07-16 00:45:34",11.3
"5c:cd:5b:bf:96:9a","2022-07-16 02:38:54",12.8
"5c:cd:5b:bf:96:9a","2022-07-16 04:32:13",1.3
"5c:cd:5b:bf:96:9a","2022-07-16 06:25:33",20.2
"5c:cd:5b:bf:96:9a","2022-07-16 08:18:53",22.4
"5c:cd:5b:bf:96:9a","2022-07-16 10:12:12",22.5
"5c:cd:5b:bf:96:9a","2022-07-16 12:05:32",2.7
"5c:cd:5b:bf:96:9a","2022-07-16 13:58:52",41.1
"5c:cd:5b:bf:96:9a","2022-07-16 15:52:11",35.1
"5c:cd:5b:bf:96:9a","2022-07-16 17:45:31",3.2
"5c:cd:5b:bf:96:9a","2022-07-16 19:38:51",20.3
"5c:cd:5b:bf:96:9a","2022-07-16 21:32:10",7.9
"5c:cd:5b:bf:96:9a","2022-07-16 23:25:30",17.4
"5c:cd:5b:bf:96:9a","2022-07-17 01:18:50",5.9
"5c:cd:5b:bf:96:9a","2022-07-17 03:12:09",22.6
"5c:cd:5b:bf:96:9a","2022-07-17 05:05:29",12.8
"5c:cd:5b:bf:96:9a","2022-07-17 06:58:48",24.3
"5c:cd:5b:bf:96:9a","2022-07-17 08:52:08",18.4
"5c:cd:5b:bf:96:9a","2022-07-17 10:45:28",2.7
"5c:cd:5b:bf:96:9a","2022-07-17 12:38:47",2.2
"5c:cd:5b:bf:96:9a","2022-07-17 14:32:07",11.1
"5c:cd:5b:bf:96:9a","2022-07-17 16:25:27",36.4
"5c:cd:5b:bf:96:9a","2022-07-17 18:18:46",47.6
"5c:cd:5b:bf:96:9a","2022-07-17 20:12:06",7.1
"5c:cd:5b:bf:96:9a","2022-07-17 22:05:26",74.4
"5c:cd:5b:bf:96:9a","2022-07-17 23:58:45",71.6
"5c:cd:5b:bf:96:9a","2022-07-18 01:52:05",93.6
"5c:cd:5b:bf:96:9a","2022-07-18 03:45:25",28.2
"5c:cd:5b:bf:96:9a","2022-07-18 05:38:44",10.2
"5c:cd:5b:bf:96:9a","2022-07-18 07:32:04",1.7
"5c:cd:5b:bf:96:9a","2022-07-18 09:25:24",30.5
"5c:cd:5b:bf:96:9a","2022-07-18 11:18:43",56.8
"5c:cd:5b:bf:96:9a","2022-07-18 13:12:03",37
"5c:cd:5b:bf:96:9a","2022-07-18 15:05:23",50.3
"5c:cd:5b:bf:96:9a","2022-07-18 16:58:42",11.3
"5c:cd:5b:bf:96:9a","2022-07-18 18:52:02",11
"5c:cd:5b:bf:96:9a","2022-07-18 20:45:22",11.7
"5c:cd:5b:bf:96:9a","2022-07-18 22:38:41",50.5
"5c:cd:5b:bf:96:9a","2022-07-19 00:32:01",3.9
"5c:cd:5b:bf:96:9a","2022-07-19 02:25:21",93.6
"5c:cd:5b:bf:96:9a","2022-07-19 04:18:40",11
"5c:cd:5b:bf:96:9a","2022-07-19 06:12:00",27.1
"5c:cd:5b:bf:96:9a","2022-07-19 08:05:20",5.1
"5c:cd:5b:bf:96:9a","2022-07-19 09:58:39",22.5
"5c:cd:5b:bf:96:9a","2022-07-19 11:51:59",2.9
"5c:cd:5b:bf:96:9a","2022-07-19 13:45:19",17.4
"5c:cd:5b:bf:96:9a","2022-07-19 15:38:38",56.8
"5c:cd:5b:bf:96:9a","2022-07-19 17:31:58",14.9
"5c:cd:5b:bf:96:9a","2022-07-19 19:25:18",8.8
"5c:cd:5b:bf:96:9a","2022-07-19 21:18:37",9.1
"5c:cd:5b:bf:96:9a","2022-07-19 23:11:57",8.8
"5c:cd:5b:bf:96:9a","2022-07-20 01:05:16",1.7
"5c:cd:5b:bf:96:9a","2022-07-20 02:58:36",37.8
"5c:cd:5b:bf:96:9a","2022-07-20 04:51:56",20.2
"5c:cd:5b:bf:96:9a","2022-07-20 06:45:15",7
"5c:cd:5b:bf:96:9a","2022-07-20 08:38:35",9.7
"5c:cd:5b:bf:96:9a","2022-07-20 10:31:55",1.7
"5c:cd:5b:bf:96:9a","2022-07-20 12:25:14",6.1
"5c:cd:5b:bf:96:9a","2022-07-20 14:18:34",56.8
"5c:cd:5b:bf:96:9a","2022-07-20 16:11:54",28.2
"5c:cd:5b:bf:96:9a","2022-07-20 18:05:13",9.5
"5c:cd:5b:bf:96:9a","2022-07-20 19:58:33",21.2
"5c:cd:5b:bf:96:9a","2022-07-20 21:51:53",9.1
"5c:cd:5b:bf:96:9a","2022-07-20 23:45:12",3.2
"5c:cd:5b:bf:96:9a","2022-07-21 01:38:32",56.8
"5c:cd:5b:bf:96:9a","2022-07-21 03:31:52",2.2
"5c:cd:5b:bf:96:9a","2022-07-21 05:25:11",2.2
"5c:cd:5b:bf:96:9a","2022-07-21 07:18:31",16
"5c:cd:5b:bf:96:9a","2022-07-21 09:11:51",30.5
"5c:cd:5b:bf:96:9a","2022-07-21 11:05:10",24.3
"5c:cd:5b:bf:96:9a","2022-07-21 12:58:30",1.7
"5c:cd:5b:bf:96:9a","2022-07-21 14:51:50",26.4
"5c:cd:5b:bf:96:9a","2022-07-21 16:45:09",5.9
"5c:cd:5b:bf:96:9a","2022-07-21 18:38:29",1.7
"5c:cd:5b:bf:96:9a","2022-07-21 20:31:49",2.2
"5c:cd:5b:bf:96:9a","2022-07-21 22:25:08",11
"5c:cd:5b:bf:96:9a","2022-07-22 00:18:28",11.1
"5c:cd:5b:bf:96:9a","2022-07-22 02:11:48",28
"5c:cd:5b:bf:96:9a","2022-07-22 04:05:07",15.1
"5c:cd:5b:bf:96:9a","2022-07-22 05:58:27",29.7
"5c:cd:5b:bf:96:9a","2022-07-22 07:51:47",50.3
"5c:cd:5b:bf:96:9a","2022-07-22 09:45:06",20.3
"5c:cd:5b:bf:96:9a","2022-07-22 11:38:26",27.1
"5c:cd:5b:bf:96:9a","2022-07-22 13:31:46",9.3
"5c:cd:5b:bf:96:9a","2022-07-22 15:25:05",5.1
"5c:cd:5b:bf:96:9a","2022-07-22 17:18:25",11.1
"5c:cd:5b:bf:96:9a","2022-07-22 19:11:44",93.6
"5c:cd:5b:bf:96:9a","2022-07-22 21:05:04",53.1
"5c:cd:5b:bf:96:9a","2022-07-22 22:58:24",11
"5c:cd:5b:bf:96:9a","2022-07-23 00:51:43",21.2
"5c:cd:5b:bf:96:9a","2022-07-23 02:45:03",8.8
"5c:cd:5b:bf:96:9a","2022-07-23 04:38:23",9.7
"5c:cd:5b:bf:96:9a","2022-07-23 06:31:42",7.9
"5c:cd:5b:bf:96:9a","2022-07-23 08:25:02",31.2
"5c:cd:5b:bf:96:9a","2022-07-23 10:18:22",11.3
"5c:cd:5b:bf:96:9a","2022-07-23 12:11:41",36.4
"5c:cd:5b:bf:96:9a","2022-07-23 14:05:01",7.9
"5c:cd:5b:bf:96:9a","2022-07-23 15:58:21",7
"5c:cd:5b:bf:96:9a","2022-07-23 17:51:40",54.6
"5c:cd:5b:bf:96:9a","2022-07-23 19:45:00",7.3
"5c:cd:5b:bf:96:9a","2022-07-23 21:38:20",14.9
"5c:cd:5b:bf:96:9a","2022-07-23 23:31:39",20.2
"5c:cd:5b:bf:96:9a","2022-07-24 01:24:59",31.2
"5c:cd:5b:bf:96:9a","2022-07-24 03:18:19",37.8
"5c:cd:5b:bf:96:9a","2022-07-24 05:11:38",28.2
"5c:cd:5b:bf:96:9a","2022-07-24 07:04:58",11.3
"5c:cd:5b:bf:96:9a","2022-07-24 08:58:18",28.2
"5c:cd:5b:bf:96:9a","2022-07-24 10:51:37",1.7
"5c:cd:5b:bf:96:9a","2022-07-24 12:44:57",27.9
"5c:cd:5b:bf:96:9a","2022-07-24 14:38:17",3.9
"5c:cd:5b:bf:96:9a","2022-07-24 16:31:36",19.5
"5c:cd:5b:bf:96:9a","2022-07-24 18:24:56",92
"5c:cd:5b:bf:96:9a","2022-07-24 20:18:16",21.2
"5c:cd:5b:bf:96:9a","2022-07-24 22:11:35",66.7
"5c:cd:5b:bf:96:9a","2022-07-25 00:04:55",39.8
"5c:cd:5b:bf:96:9a","2022-07-25 01:58:15",27.9
"5c:cd:5b:bf:96:9a","2022-07-25 03:51:34",11.3
"5c:cd:5b:bf:96:9a","2022-07-25 05:44:54",15.1
"5c:cd:5b:bf:96:9a","2022-07-25 07:38:14",33.5
"5c:cd:5b:bf:96:9a","2022-07-25 09:31:33",18.4
"5c:cd:5b:bf:96:9a","2022-07-25 11:24:53",71.6
"5c:cd:5b:bf:96:9a","2022-07-25 13:18:12",9.5
"5c:cd:5b:bf:96:9a","2022-07-25 15:11:32",11.3
"5c:cd:5b:bf:96:9a","2022-07-25 17:04:52",60
"5c:cd:5b:bf:96:9a","2022-07-25 18:58:11",15.1
"5c:cd:5b:bf:96:9a","2022-07-25 20:51:31",6.1
"5c:cd:5b:bf:96:9a","2022-07-25 22:44:51",35.1
"5c:cd:5b:bf:96:9a","2022-07-26 00:38:10",92
"5c:cd:5b:bf:96:9a","2022-07-26 02:31:30",20.3
"5c:cd:5b:bf:96:9a","2022-07-26 04:24:50",24
"5c:cd:5b:bf:96:9a","2022-07-26 06:18:09",1.3
"5c:cd:5b:bf:96:9a","2022-07-26 08:11:29",9.7
"5c:cd:5b:bf:96:9a","2022-07-26 10:04:49",11
"5c:cd:5b:bf:96:9a","2022-07-26 11:58:08",53.1
"5c:cd:5b:bf:96:9a","2022-07-26 13:51:28",35.1
"5c:cd:5b:bf:96:9a","2022-07-26 15:44:48",29.7
"5c:cd:5b:bf:96:9a","2022-07-26 17:38:07",50.3
"5c:cd:5b:bf:96:9a","2022-07-26 19:31:27",7.1
"5c:cd:5b:bf:96:9a","2022-07-26 21:24:47",9.1
"5c:cd:5b:bf:96:9a","2022-07-26 23:18:06",7
"5c:cd:5b:bf:96:9a","2022-07-27 01:11:26",7
"5c:cd:5b:bf:96:9a","2022-07-27 03:04:46",24.3
"5c:cd:5b:bf:96:9a","2022-07-27 04:58:05",7.1
"5c:cd:5b:bf:96:9a","2022-07-27 06:51:25",12.2
"5c:cd:5b:bf:96:9a","2022-07-27 08:44:45",8.8
"5c:cd:5b:bf:96:9a","2022-07-27 10:38:04",9.3
"5c:cd:5b:bf:96:9a","2022-07-27 12:31:24",35.1
"5c:cd:5b:bf:96:9a","2022-07-27 14:24:44",1.3
"5c:cd:5b:bf:96:9a","2022-07-27 16:18:03",9.3
"5c:cd:5b:bf:96:9a","2022-07-27 18:11:23",8.8
"5c:cd:5b:bf:96:9a","2022-07-27 20:04:43",7.3
"5c:cd:5b:bf:96:9a","2022-07-27 21:58:02",2.2
"5c:cd:5b:bf:96:9a","2022-07-27 23:51:22",29.7
"5c:cd:5b:bf:96:9a","2022-07-28 01:44:41",4.2
"5c:cd:5b:bf:96:9a","2022-07-28 03:38:01",22.6
"5c:cd:5b:bf:96:9a","2022-07-28 05:31:21",7.3
"5c:cd:5b:bf:96:9a","2022-07-28 07:24:40",10.2
"5c:cd:5b:bf:96:9a","2022-07-28 09:18:00",9.7
"5c:cd:5b:bf:96:9a","2022-07-28 11:11:20",9.5
"5c:cd:5b:bf:96:9a","2022-07-28 13:04:39",24
"5c:cd:5b:bf:96:9a","2022-07-28 14:57:59",24
"5c:cd:5b:bf:96:9a","2022-07-28 16:51:19",6.1
"5c:cd:5b:bf:96:9a","2022-07-28 18:44:38",14.9
"5c:cd:5b:bf:96:9a","2022-07-28 20:37:58",28
"5c:cd:5b:bf:96:9a","2022-07-28 22:31:18",39.8
"5c:cd:5b:bf:96:9a","2022-07-29 00:24:37",18.4
"5c:cd:5b:bf:96:9a","2022-07-29 02:17:57",35.1
"5c:cd:5b:bf:96:9a","2022-07-29 04:11:17",6.1
"5c:cd:5b:bf:96:9a","2022-07-29 06:04:36",54.9
"5c:cd:5b:bf:96:9a","2022-07-29 07:57:56",27.1
"5c:cd:5b:bf:96:9a","2022-07-29 09:51:16",74.4
"5c:cd:5b:bf:96:9a","2022-07-29 11:44:35",20.3
"5c:cd:5b:bf:96:9a","2022-07-29 13:37:55",15.7
"5c:cd:5b:bf:96:9a","2022-07-29 15:31:15",7.3
"5c:cd:5b:bf:96:9a","2022-07-29 17:24:34",36.4
"5c:cd:5b:bf:96:9a","2022-07-29 19:17:54",24.3
"5c:cd:5b:bf:96:9a","2022-07-29 21:11:14",12.2
"5c:cd:5b:bf:96:9a","2022-07-29 23:04:33",5.1
"5c:cd:5b:bf:96:9a","2022-07-30 00:57:53",20.3
"5c:cd:5b:bf:96:9a","2022-07-30 02:51:13",44.4
"5c:cd:5b:bf:96:9a","2022-07-30 04:44:32",11.7
"5c:cd:5b:bf:96:9a","2022-07-30 06:37:52",35.5
"5c:cd:5b:bf:96:9a","2022-07-30 08:31:12",35.1
"5c:cd:5b:bf:96:9a","2022-07-30 10:24:31",7.3
"5c:cd:5b:bf:96:9a","2022-07-30 12:17:51",15.4
"5c:cd:5b:bf:96:9a","2022-07-30 14:11:11",30.5
"5c:cd:5b:bf:96:9a","2022-07-30 16:04:30",53.1
"5c:cd:5b:bf:96:9a","2022-07-30 17:57:50",31.2
"5c:cd:5b:bf:96:9a","2022-07-30 19:51:09",26.4
"5c:cd:5b:bf:96:9a","2022-07-30 21:44:29",27.1
"5c:cd:5b:bf:96:9a","2022-07-30 23:37:49",27.9
"5c:cd:5b:bf:96:9a","2022-07-31 01:31:08",22.6
"5c:cd:5b:bf:96:9a","2022-07-31 03:24:28",60
"5c:cd:5b:bf:96:9a","2022-07-31 05:17:48",4.2
"5c:cd:5b:bf:96:9a","2022-07-31 07:11:07",58.7
"5c:cd:5b:bf:96:9a","2022-07-31 09:04:27",26.6
"5c:cd:5b:bf:96:9a","2022-07-31 10:57:47",56.8
"5c:cd:5b:bf:96:9a","2022-07-31 12:51:06",7
"5c:cd:5b:bf:96:9a","2022-07-31 14:44:26",27.9
"5c:cd:5b:bf:96:9a","2022-07-31 16:37:46",53.1
"5c:cd:5b:bf:96:9a","2022-07-31 18:31:05",71.6
"5c:cd:5b:bf:96:9a","2022-07-31 20:24:25",66.2
"5c:cd:5b:bf:96:9a","2022-07-31 22:17:45",71.6
"5c:cd:5b:bf:96:9a","2022-08-01 00:11:04",39.3
"5c:cd:5b:bf:96:9a","2022-08-01 02:04:24",5.1
"5c:cd:5b:bf:96:9a","2022-08-01 03:57:44",5.1
"5c:cd:5b:bf:96:9a","2022-08-01 05:51:03",28
"5c:cd:5b:bf:96:9a","2022-08-01 07:44:23",7.1
"5c:cd:5b:bf:96:9a","2022-08-01 09:37:43",1.7
"5c:cd:5b:bf:96:9a","2022-08-01 11:31:02",12.2
"5c:cd:5b:bf:96:9a","2022-08-01 13:24:22",2.7
"5c:cd:5b:bf:96:9a","2022-08-01 15:17:42",22.5
"5c:cd:5b:bf:96:9a","2022-08-01 17:11:01",7.3
"5c:cd:5b:bf:96:9a","2022-08-01 19:04:21",7.3
"5c:cd:5b:bf:96:9a","2022-08-01 20:57:41",33.5
"5c:cd:5b:bf:96:9a","2022-08-01 22:51:00",1.7
"5c:cd:5b:bf:96:9a","2022-08-02 00:44:20",58.7
"5c:cd:5b:bf:96:9a","2022-08-02 02:37:40",11.3
"5c:cd:5b:bf:96:9a","2022-08-02 04:30:59",2.7
"5c:cd:5b:bf:96:9a","2022-08-02 06:24:19",9.5
"5c:cd:5b:bf:96:9a","2022-08-02 08:17:39",27.1
"5c:cd:5b:bf:96:9a","2022-08-02 10:10:58",56.8
"5c:cd:5b:bf:96:9a","2022-08-02 12:04:18",20.2
"5c:cd:5b:bf:96:9a","2022-08-02 13:57:37",11.3
"5c:cd:5b:bf:96:9a","2022-08-02 15:50:57",27.1
"5c:cd:5b:bf:96:9a","2022-08-02 17:44:17",56.8
"5c:cd:5b:bf:96:9a","2022-08-02 19:37:36",28
"5c:cd:5b:bf:96:9a","2022-08-02 21:30:56",25.9
"5c:cd:5b:bf:96:9a","2022-08-02 23:24:16",7
"5c:cd:5b:bf:96:9a","2022-08-03 01:17:35",50.3
"5c:cd:5b:bf:96:9a","2022-08-03 03:10:55",22.4
"5c:cd:5b:bf:96:9a","2022-08-03 05:04:15",15.1
"5c:cd:5b:bf:96:9a","2022-08-03 06:57:34",14.9
"5c:cd:5b:bf:96:9a","2022-08-03 08:50:54",35.5
"5c:cd:5b:bf:96:9a","2022-08-03 10:44:14",31.2
"5c:cd:5b:bf:96:9a","2022-08-03 12:37:33",8.8
"5c:cd:5b:bf:96:9a","2022-08-03 14:30:53",30.5
"5c:cd:5b:bf:96:9a","2022-08-03 16:24:13",4.1
"5c:cd:5b:bf:96:9a","2022-08-03 18:17:32",17.4
"5c:cd:5b:bf:96:9a","2022-08-03 20:10:52",3.9
"5c:cd:5b:bf:96:9a","2022-08-03 22:04:12",1.1
"5c:cd:5b:bf:96:9a","2022-08-03 23:57:31",2.2
"5c:cd:5b:bf:96:9a","2022-08-04 01:50:51",35.1
"5c:cd:5b:bf:96:9a","2022-08-04 03:44:11",36.4
"5c:cd:5b:bf:96:9a","2022-08-04 05:37:30",5.1
"5c:cd:5b:bf:96:9a","2022-08-04 07:30:50",37
"5c:cd:5b:bf:96:9a","2022-08-04 09:24:10",25.9
"5c:cd:5b:bf:96:9a","2022-08-04 11:17:29",7.1
"5c:cd:5b:bf:96:9a","2022-08-04 13:10:49",58.7
"5c:cd:5b:bf:96:9a","2022-08-04 15:04:09",15.1
"5c:cd:5b:bf:96:9a","2022-08-04 16:57:28",41.1
"5c:cd:5b:bf:96:9a","2022-08-04 18:50:48",24.3
"5c:cd:5b:bf:96:9a","2022-08-04 20:44:08",66.7
"5c:cd:5b:bf:96:9a","2022-08-04 22:37:27",9.5
"5c:cd:5b:bf:96:9a","2022-08-05 00:30:47",12.8
"5c:cd:5b:bf:96:9a","2022-08-05 02:24:07",9.5
"5c:cd:5b:bf:96:9a","2022-08-05 04:17:26",21.2
"5c:cd:5b:bf:96:9a","2022-08-05 06:10:46",15.7
"5c:cd:5b:bf:96:9a","2022-08-05 08:04:05",39.8
"5c:cd:5b:bf:96:9a","2022-08-05 09:57:25",37.8
"5c:cd:5b:bf:96:9a","2022-08-05 11:50:45",4.2
"5c:cd:5b:bf:96:9a","2022-08-05 13:44:04",11.3
"5c:cd:5b:bf:96:9a","2022-08-05 15:37:24",30.5
"5c:cd:5b:bf:96:9a","2022-08-05 17:30:44",53.1
"5c:cd:5b:bf:96:9a","2022-08-05 19:24:03",6.1
"5c:cd:5b:bf:96:9a","2022-08-05 21:17:23",5.1
"5c:cd:5b:bf:96:9a","2022-08-05 23:10:43",37.8
"5c:cd:5b:bf:96:9a","2022-08-06 01:04:02",66.7
"5c:cd:5b:bf:96:9a","2022-08-06 02:57:22",12.8
"5c:cd:5b:bf:96:9a","2022-08-06 04:50:42",58.7
"5c:cd:5b:bf:96:9a","2022-08-06 06:44:01",20.2
"5c:cd:5b:bf:96:9a","2022-08-06 08:37:21",53.1
"5c:cd:5b:bf:96:9a","2022-08-06 10:30:41",22.5
"5c:cd:5b:bf:96:9a","2022-08-06 12:24:00",71.6
"5c:cd:5b:bf:96:9a","2022-08-06 14:17:20",25.9
"5c:cd:5b:bf:96:9a","2022-08-06 16:10:40",71.6
"5c:cd:5b:bf:96:9a","2022-08-06 18:03:59",50.3
"5c:cd:5b:bf:96:9a","2022-08-06 19:57:19",1.3
"5c:cd:5b:bf:96:9a","2022-08-06 21:50:39",19.5
"5c:cd:5b:bf:96:9a","2022-08-06 23:43:58",8.8
"5c:cd:5b:bf:96:9a","2022-08-07 01:37:18",9.5
"5c:cd:5b:bf:96:9a","2022-08-07 03:30:38",33.5
"5c:cd:5b:bf:96:9a","2022-08-07 05:23:57",66.7
"5c:cd:5b:bf:96:9a","2022-08-07 07:17:17",27.9
"5c:cd:5b:bf:96:9a","2022-08-07 09:10:37",74.4
"5c:cd:5b:bf:96:9a","2022-08-07 11:03:56",7.1
"5c:cd:5b:bf:96:9a","2022-08-07 12:57:16",15.1
"5c:cd:5b:bf:96:9a","2022-08-07 14:50:36",11.3
"5c:cd:5b:bf:96:9a","2022-08-07 16:43:55",22.4
"5c:cd:5b:bf:96:9a","2022-08-07 18:37:15",14.9
"5c:cd:5b:bf:96:9a","2022-08-07 20:30:35",21.2
"5c:cd:5b:bf:96:9a","2022-08-07 22:23:54",27.9
"5c:cd:5b:bf:96:9a","2022-08-08 00:17:14",9.1
"5c:cd:5b:bf:96:9a","2022-08-08 02:10:33",9.5
"5c:cd:5b:bf:96:9a","2022-08-08 04:03:53",39.3
"5c:cd:5b:bf:96:9a","2022-08-08 05:57:13",5.1
"5c:cd:5b:bf:96:9a","2022-08-08 07:50:32",74.4
"5c:cd:5b:bf:96:9a","2022-08-08 09:43:52",39.8
"5c:cd:5b:bf:96:9a","2022-08-08 11:37:12",66.7
"5c:cd:5b:bf:96:9a","2022-08-08 13:30:31",11.3
"5c:cd:5b:bf:96:9a","2022-08-08 15:23:51",7
"5c:cd:5b:bf:96:9a","2022-08-08 17:17:11",11.3
"5c:cd:5b:bf:96:9a","2022-08-08 19:10:30",5.1
"5c:cd:5b:bf:96:9a","2022-08-08 21:03:50",21.2
"5c:cd:5b:bf:96:9a","2022-08-08 22:57:10",68.6
"5c:cd:5b:bf:96:9a","2022-08-09 00:50:29",50.5
"5c:cd:5b:bf:96:9a","2022-08-09 02:43:49",2.2
"5c:cd:5b:bf:96:9a","2022-08-09 04:37:09",2.7
"5c:cd:5b:bf:96:9a","2022-08-09 06:30:28",54.6
"5c:cd:5b:bf:96:9a","2022-08-09 08:23:48",92
"5c:cd:5b:bf:96:9a","2022-08-09 10:17:08",15.7
"5c:cd:5b:bf:96:9a","2022-08-09 12:10:27",68.6
"5c:cd:5b:bf:96:9a","2022-08-09 14:03:47",50.5
"5c:cd:5b:bf:96:9a","2022-08-09 15:57:07",12.2
"5c:cd:5b:bf:96:9a","2022-08-09 17:50:26",54.9
"5c:cd:5b:bf:96:9a","2022-08-09 19:43:46",4.2
"5c:cd:5b:bf:96:9a","2022-08-09 21:37:06",4.1
"5c:cd:5b:bf:96:9a","2022-08-09 23:30:25",6.1
"5c:cd:5b:bf:96:9a","2022-08-10 01:23:45",18.4
"5c:cd:5b:bf:96:9a","2022-08-10 03:17:05",30.5
"5c:cd:5b:bf:96:9a","2022-08-10 05:10:24",14.9
"5c:cd:5b:bf:96:9a","2022-08-10 07:03:44",2.2
"5c:cd:5b:bf:96:9a","2022-08-10 08:57:04",24
"5c:cd:5b:bf:96:9a","2022-08-10 10:50:23",28.2
"5c:cd:5b:bf:96:9a","2022-08-10 12:43:43",50.5
"5c:cd:5b:bf:96:9a","2022-08-10 14:37:02",56.8
"5c:cd:5b:bf:96:9a","2022-08-10 16:30:22",24.3
"5c:cd:5b:bf:96:9a","2022-08-10 18:23:42",16
"5c:cd:5b:bf:96:9a","2022-08-10 20:17:01",7.1
"5c:cd:5b:bf:96:9a","2022-08-10 22:10:21",31.2
"5c:cd:5b:bf:96:9a","2022-08-11 00:03:41",7
"5c:cd:5b:bf:96:9a","2022-08-11 01:57:00",66.2
"5c:cd:5b:bf:96:9a","2022-08-11 03:50:20",11.7
"5c:cd:5b:bf:96:9a","2022-08-11 05:43:40",50.3
"5c:cd:5b:bf:96:9a","2022-08-11 07:36:59",24
"5c:cd:5b:bf:96:9a","2022-08-11 09:30:19",7.1
"5c:cd:5b:bf:96:9a","2022-08-11 11:23:39",6.1
"5c:cd:5b:bf:96:9a","2022-08-11 13:16:58",9.1
"5c:cd:5b:bf:96:9a","2022-08-11 15:10:18",16
"5c:cd:5b:bf:96:9a","2022-08-11 17:03:38",27.1
"5c:cd:5b:bf:96:9a","2022-08-11 18:56:57",7
"5c:cd:5b:bf:96:9a","2022-08-11 20:50:17",1.3
"5c:cd:5b:bf:96:9a","2022-08-11 22:43:37",10.2
"5c:cd:5b:bf:96:9a","2022-08-12 00:36:56",37
"5c:cd:5b:bf:96:9a","2022-08-12 02:30:16",28
"5c:cd:5b:bf:96:9a","2022-08-12 04:23:36",7.3
"5c:cd:5b:bf:96:9a","2022-08-12 06:16:55",22.5
"5c:cd:5b:bf:96:9a","2022-08-12 08:10:15",5.9
"5c:cd:5b:bf:96:9a","2022-08-12 10:03:35",30.5
"5c:cd:5b:bf:96:9a","2022-08-12 11:56:54",28.2
"5c:cd:5b:bf:96:9a","2022-08-12 13:50:14",25.9
"5c:cd:5b:bf:96:9a","2022-08-12 15:43:34",12.2
"5c:cd:5b:bf:96:9a","2022-08-12 17:36:53",54.6
"5c:cd:5b:bf:96:9a","2022-08-12 19:30:13",26.4
"5c:cd:5b:bf:96:9a","2022-08-12 21:23:33",1.1
"5c:cd:5b:bf:96:9a","2022-08-12 23:16:52",7
"5c:cd:5b:bf:96:9a","2022-08-13 01:10:12",7.3
"5c:cd:5b:bf:96:9a","2022-08-13 03:03:32",3.9
"5c:cd:5b:bf:96:9a","2022-08-13 04:56:51",39.8
"5c:cd:5b:bf:96:9a","2022-08-13 06:50:11",15.7
"5c:cd:5b:bf:96:9a","2022-08-13 08:43:30",50.3
"5c:cd:5b:bf:96:9a","2022-08-13 10:36:50",33.5
"5c:cd:5b:bf:96:9a","2022-08-13 12:30:10",26.4
"5c:cd:5b:bf:96:9a","2022-08-13 14:23:29",25.9
"5c:cd:5b:bf:96:9a","2022-08-13 16:16:49",21.2
"5c:cd:5b:bf:96:9a","2022-08-13 18:10:09",54.9
"5c:cd:5b:bf:96:9a","2022-08-13 20:03:28",60
"5c:cd:5b:bf:96:9a","2022-08-13 21:56:48",60
"5c:cd:5b:bf:96:9a","2022-08-13 23:50:08",7.9
"5c:cd:5b:bf:96:9a","2022-08-14 01:43:27",28
"5c:cd:5b:bf:96:9a","2022-08-14 03:36:47",7
"5c:cd:5b:bf:96:9a","2022-08-14 05:30:07",28.2
"5c:cd:5b:bf:96:9a","2022-08-14 07:23:26",27.1
"5c:cd:5b:bf:96:9a","2022-08-14 09:16:46",74.4
"5c:cd:5b:bf:96:9a","2022-08-14 11:10:06",2.7
"5c:cd:5b:bf:96:9a","2022-08-14 13:03:25",17.4
"5c:cd:5b:bf:96:9a","2022-08-14 14:56:45",47.6
"5c:cd:5b:bf:96:9a","2022-08-14 16:50:05",71.6
"5c:cd:5b:bf:96:9a","2022-08-14 18:43:24",7.3
"5c:cd:5b:bf:96:9a","2022-08-14 20:36:44",50.3
"5c:cd:5b:bf:96:9a","2022-08-14 22:30:04",22.5
"5c:cd:5b:bf:96:9a","2022-08-15 00:23:23",58.7
"5c:cd:5b:bf:96:9a","2022-08-15 02:16:43",31.2
"5c:cd:5b:bf:96:9a","2022-08-15 04:10:03",47.6
"5c:cd:5b:bf:96:9a","2022-08-15 06:03:22",36.4
"5c:cd:5b:bf:96:9a","2022-08-15 07:56:42",4.1
"5c:cd:5b:bf:96:9a","2022-08-15 09:50:02",19.5
"5c:cd:5b:bf:96:9a","2022-08-15 11:43:21",71.6
"5c:cd:5b:bf:96:9a","2022-08-15 13:36:41",56.8
"5c:cd:5b:bf:96:9a","2022-08-15 15:30:01",4.1
"5c:cd:5b:bf:96:9a","2022-08-15 17:23:20",29.7
"5c:cd:5b:bf:96:9a","2022-08-15 19:16:40",11.1
"5c:cd:5b:bf:96:9a","2022-08-15 21:10:00",10.2
"5c:cd:5b:bf:96:9a","2022-08-15 23:03:19",35.5
"5c:cd:5b:bf:96:9a","2022-08-16 00:56:39",11
"5c:cd:5b:bf:96:9a","2022-08-16 02:49:58",11.3
"5c:cd:5b:bf:96:9a","2022-08-16 04:43:18",35.5
"5c:cd:5b:bf:96:9a","2022-08-16 06:36:38",2.2
"5c:cd:5b:bf:96:9a","2022-08-16 08:29:57",27.9
"5c:cd:5b:bf:96:9a","2022-08-16 10:23:17",93.6
"5c:cd:5b:bf:96:9a","2022-08-16 12:16:37",15.1
"5c:cd:5b:bf:96:9a","2022-08-16 14:09:56",9.7
"5c:cd:5b:bf:96:9a","2022-08-16 16:03:16",11.7
"5c:cd:5b:bf:96:9a","2022-08-16 17:56:36",7.3
"5c:cd:5b:bf:96:9a","2022-08-16 19:49:55",50.3
"5c:cd:5b:bf:96:9a","2022-08-16 21:43:15",3.9
"5c:cd:5b:bf:96:9a","2022-08-16 23:36:35",74.4
"5c:cd:5b:bf:96:9a","2022-08-17 01:29:54",7.1
"5c:cd:5b:bf:96:9a","2022-08-17 03:23:14",28
"5c:cd:5b:bf:96:9a","2022-08-17 05:16:34",74.4
"5c:cd:5b:bf:96:9a","2022-08-17 07:09:53",11.7
"5c:cd:5b:bf:96:9a","2022-08-17 09:03:13",50.5
"5c:cd:5b:bf:96:9a","2022-08-17 10:56:33",5.1
"5c:cd:5b:bf:96:9a","2022-08-17 12:49:52",29.7
"5c:cd:5b:bf:96:9a","2022-08-17 14:43:12",15.1
"5c:cd:5b:bf:96:9a","2022-08-17 16:36:32",11.3
"5c:cd:5b:bf:96:9a","2022-08-17 18:29:51",26.6
"5c:cd:5b:bf:96:9a","2022-08-17 20:23:11",11.3
"5c:cd:5b:bf:96:9a","2022-08-17 22:16:31",47.6
"5c:cd:5b:bf:96:9a","2022-08-18 00:09:50",3.9
"5c:cd:5b:bf:96:9a","2022-08-18 02:03:10",24.3
"5c:cd:5b:bf:96:9a","2022-08-18 03:56:30",71.6
"5c:cd:5b:bf:96:9a","2022-08-18 05:49:49",24
"5c:cd:5b:bf:96:9a","2022-08-18 07:43:09",3.9
"5c:cd:5b:bf:96:9a","2022-08-18 09:36:29",1.1
"5c:cd:5b:bf:96:9a","2022-08-18 11:29:48",15.4
"5c:cd:5b:bf:96:9a","2022-08-18 13:23:08",3.2
"5c:cd:5b:bf:96:9a","2022-08-18 15:16:28",27.9
"5c:cd:5b:bf:96:9a","2022-08-18 17:09:47",2.2
"5c:cd:5b:bf:96:9a","2022-08-18 19:03:07",16
"5c:cd:5b:bf:96:9a","2022-08-18 20:56:26",5.9
"5c:cd:5b:bf:96:9a","2022-08-18 22:49:46",12.8
"5c:cd:5b:bf:96:9a","2022-08-19 00:43:06",74.4
"5c:cd:5b:bf:96:9a","2022-08-19 02:36:25",7.3
"5c:cd:5b:bf:96:9a","2022-08-19 04:29:45",22.5
"5c:cd:5b:bf:96:9a","2022-08-19 06:23:05",50.5
"5c:cd:5b:bf:96:9a","2022-08-19 08:16:24",11
"5c:cd:5b:bf:96:9a","2022-08-19 10:09:44",11.3
"5c:cd:5b:bf:96:9a","2022-08-19 12:03:04",2.2
"5c:cd:5b:bf:96:9a","2022-08-19 13:56:23",4.1
"5c:cd:5b:bf:96:9a","2022-08-19 15:49:43",2.2
"5c:cd:5b:bf:96:9a","2022-08-19 17:43:03",31.2
"5c:cd:5b:bf:96:9a","2022-08-19 19:36:22",6.1
"5c:cd:5b:bf:96:9a","2022-08-19 21:29:42",19.5
"5c:cd:5b:bf:96:9a","2022-08-19 23:23:02",3.9
"5c:cd:5b:bf:96:9a","2022-08-20 01:16:21",28.2
"5c:cd:5b:bf:96:9a","2022-08-20 03:09:41",22.6
"5c:cd:5b:bf:96:9a","2022-08-20 05:03:01",93.6
"5c:cd:5b:bf:96:9a","2022-08-20 06:56:20",11.3
"5c:cd:5b:bf:96:9a","2022-08-20 08:49:40",71.6
"5c:cd:5b:bf:96:9a","2022-08-20 10:43:00",1.1
"5c:cd:5b:bf:96:9a","2022-08-20 12:36:19",50.3
"5c:cd:5b:bf:96:9a","2022-08-20 14:29:39",9.1
"5c:cd:5b:bf:96:9a","2022-08-20 16:22:59",92
"5c:cd:5b:bf:96:9a","2022-08-20 18:16:18",19.5
"5c:cd:5b:bf:96:9a","2022-08-20 20:09:38",41.1
"5c:cd:5b:bf:96:9a","2022-08-20 22:02:58",53.1
"5c:cd:5b:bf:96:9a","2022-08-20 23:56:17",7.3
"5c:cd:5b:bf:96:9a","2022-08-21 01:49:37",54.6
"5c:cd:5b:bf:96:9a","2022-08-21 03:42:57",22.4
"5c:cd:5b:bf:96:9a","2022-08-21 05:36:16",27.1
"5c:cd:5b:bf:96:9a","2022-08-21 07:29:36",11.3
"5c:cd:5b:bf:96:9a","2022-08-21 09:22:56",5.9
"5c:cd:5b:bf:96:9a","2022-08-21 11:16:15",2.7
"5c:cd:5b:bf:96:9a","2022-08-21 13:09:35",20.3
"5c:cd:5b:bf:96:9a","2022-08-21 15:02:54",68.6
"5c:cd:5b:bf:96:9a","2022-08-21 16:56:14",12.2
"5c:cd:5b:bf:96:9a","2022-08-21 18:49:34",2.9
"5c:cd:5b:bf:96:9a","2022-08-21 20:42:53",74.4
"5c:cd:5b:bf:96:9a","2022-08-21 22:36:13",22.4
"5c:cd:5b:bf:96:9a","2022-08-22 00:29:33",7
"5c:cd:5b:bf:96:9a","2022-08-22 02:22:52",37
"5c:cd:5b:bf:96:9a","2022-08-22 04:16:12",14.9
"5c:cd:5b:bf:96:9a","2022-08-22 06:09:32",6.1
"5c:cd:5b:bf:96:9a","2022-08-22 08:02:51",4.2
"5c:cd:5b:bf:96:9a","2022-08-22 09:56:11",41.1
"5c:cd:5b:bf:96:9a","2022-08-22 11:49:31",9.5
"5c:cd:5b:bf:96:9a","2022-08-22 13:42:50",20.3
"5c:cd:5b:bf:96:9a","2022-08-22 15:36:10",39.3
"5c:cd:5b:bf:96:9a","2022-08-22 17:29:30",93.6
"5c:cd:5b:bf:96:9a","2022-08-22 19:22:49",11
"5c:cd:5b:bf:96:9a","2022-08-22 21:16:09",41.1
"5c:cd:5b:bf:96:9a","2022-08-22 23:09:29",9.7
"5c:cd:5b:bf:96:9a","2022-08-23 01:02:48",9.5
"5c:cd:5b:bf:96:9a","2022-08-23 02:56:08",11
"5c:cd:5b:bf:96:9a","2022-08-23 04:49:28",46.5
"5c:cd:5b:bf:96:9a","2022-08-23 06:42:47",2.2
"5c:cd:5b:bf:96:9a","2022-08-23 08:36:07",22.5
"5c:cd:5b:bf:96:9a","2022-08-23 10:29:27",10.2
"5c:cd:5b:bf:96:9a","2022-08-23 12:22:46",22.5
"5c:cd:5b:bf:96:9a","2022-08-23 14:16:06",74.4
"5c:cd:5b:bf:96:9a","2022-08-23 16:09:26",26.4
"5c:cd:5b:bf:96:9a","2022-08-23 18:02:45",20.3
"5c:cd:5b:bf:96:9a","2022-08-23 19:56:05",74.4
"5c:cd:5b:bf:96:9a","2022-08-23 21:49:25",29.7
"5c:cd:5b:bf:96:9a","2022-08-23 23:42:44",9.7
"5c:cd:5b:bf:96:9a","2022-08-24 01:36:04",29.7
"5c:cd:5b:bf:96:9a","2022-08-24 03:29:23",9.7
"5c:cd:5b:bf:96:9a","2022-08-24 05:22:43",54.6
"5c:cd:5b:bf:96:9a","2022-08-24 07:16:03",7.9
"5c:cd:5b:bf:96:9a","2022-08-24 09:09:22",7.1
"5c:cd:5b:bf:96:9a","2022-08-24 11:02:42",2.9
"5c:cd:5b:bf:96:9a","2022-08-24 12:56:02",41.1
"5c:cd:5b:bf:96:9a","2022-08-24 14:49:21",37
"5c:cd:5b:bf:96:9a","2022-08-24 16:42:41",14.9
"5c:cd:5b:bf:96:9a","2022-08-24 18:36:01",15.7
"5c:cd:5b:bf:96:9a","2022-08-24 20:29:20",56.8
"5c:cd:5b:bf:96:9a","2022-08-24 22:22:40",39.8
"5c:cd:5b:bf:96:9a","2022-08-25 00:16:00",8.8
"5c:cd:5b:bf:96:9a","2022-08-25 02:09:19",28
"5c:cd:5b:bf:96:9a","2022-08-25 04:02:39",37
"5c:cd:5b:bf:96:9a","2022-08-25 05:55:59",33.5
"5c:cd:5b:bf:96:9a","2022-08-25 07:49:18",3.9
"5c:cd:5b:bf:96:9a","2022-08-25 09:42:38",4.1
"5c:cd:5b:bf:96:9a","2022-08-25 11:35:58",7.3
"5c:cd:5b:bf:96:9a","2022-08-25 13:29:17",5.9
"5c:cd:5b:bf:96:9a","2022-08-25 15:22:37",11
"5c:cd:5b:bf:96:9a","2022-08-25 17:15:57",36.4
"5c:cd:5b:bf:96:9a","2022-08-25 19:09:16",5.1
"5c:cd:5b:bf:96:9a","2022-08-25 21:02:36",22.6
"5c:cd:5b:bf:96:9a","2022-08-25 22:55:56",60
"5c:cd:5b:bf:96:9a","2022-08-26 00:49:15",7.9
"5c:cd:5b:bf:96:9a","2022-08-26 02:42:35",66.7
"5c:cd:5b:bf:96:9a","2022-08-26 04:35:55",21.2
"5c:cd:5b:bf:96:9a","2022-08-26 06:29:14",58.7
"5c:cd:5b:bf:96:9a","2022-08-26 08:22:34",37.8
"5c:cd:5b:bf:96:9a","2022-08-26 10:15:54",50.3
"5c:cd:5b:bf:96:9a","2022-08-26 12:09:13",5.1
"5c:cd:5b:bf:96:9a","2022-08-26 14:02:33",22.4
"5c:cd:5b:bf:96:9a","2022-08-26 15:55:53",3.2
"5c:cd:5b:bf:96:9a","2022-08-26 17:49:12",6.1
"5c:cd:5b:bf:96:9a","2022-08-26 19:42:32",31.2
"5c:cd:5b:bf:96:9a","2022-08-26 21:35:51",50.3
"5c:cd:5b:bf:96:9a","2022-08-26 23:29:11",11.1
"5c:cd:5b:bf:96:9a","2022-08-27 01:22:31",74.4
"5c:cd:5b:bf:96:9a","2022-08-27 03:15:50",68.6
"5c:cd:5b:bf:96:9a","2022-08-27 05:09:10",11.3
"5c:cd:5b:bf:96:9a","2022-08-27 07:02:30",30.5
"5c:cd:5b:bf:96:9a","2022-08-27 08:55:49",54.6
"5c:cd:5b:bf:96:9a","2022-08-27 10:49:09",58.7
"5c:cd:5b:bf:96:9a","2022-08-27 12:42:29",26.4
"5c:cd:5b:bf:96:9a","2022-08-27 14:35:48",50.3
"5c:cd:5b:bf:96:9a","2022-08-27 16:29:08",92
"5c:cd:5b:bf:96:9a","2022-08-27 18:22:28",19.5
"5c:cd:5b:bf:96:9a","2022-08-27 20:15:47",11.1
"5c:cd:5b:bf:96:9a","2022-08-27 22:09:07",9.3
"5c:cd:5b:bf:96:9a","2022-08-28 00:02:27",11.3
"5c:cd:5b:bf:96:9a","2022-08-28 01:55:46",11.7
"5c:cd:5b:bf:96:9a","2022-08-28 03:49:06",20.2
"5c:cd:5b:bf:96:9a","2022-08-28 05:42:26",22.6
"5c:cd:5b:bf:96:9a","2022-08-28 07:35:45",19.5
"5c:cd:5b:bf:96:9a","2022-08-28 09:29:05",12.2
"5c:cd:5b:bf:96:9a","2022-08-28 11:22:25",7
"5c:cd:5b:bf:96:9a","2022-08-28 13:15:44",8.8
"5c:cd:5b:bf:96:9a","2022-08-28 15:09:04",18.4
"5c:cd:5b:bf:96:9a","2022-08-28 17:02:24",15.4
"5c:cd:5b:bf:96:9a","2022-08-28 18:55:43",9.7
"5c:cd:5b:bf:96:9a","2022-08-28 20:49:03",46.5
"5c:cd:5b:bf:96:9a","2022-08-28 22:42:23",22.6
"5c:cd:5b:bf:96:9a","2022-08-29 00:35:42",3.2
"5c:cd:5b:bf:96:9a","2022-08-29 02:29:02",22.5
"5c:cd:5b:bf:96:9a","2022-08-29 04:22:22",11.3
"5c:cd:5b:bf:96:9a","2022-08-29 06:15:41",54.9
"5c:cd:5b:bf:96:9a","2022-08-29 08:09:01",1.1
"5c:cd:5b:bf:96:9a","2022-08-29 10:02:21",1.3
"5c:cd:5b:bf:96:9a","2022-08-29 11:55:40",9.3
"5c:cd:5b:bf:96:9a","2022-08-29 13:49:00",33.5
"5c:cd:5b:bf:96:9a","2022-08-29 15:42:19",18.4
"5c:cd:5b:bf:96:9a","2022-08-29 17:35:39",31.2
"5c:cd:5b:bf:96:9a","2022-08-29 19:28:59",74.4
"5c:cd:5b:bf:96:9a","2022-08-29 21:22:18",26.6
"5c:cd:5b:bf:96:9a","2022-08-29 23:15:38",26.6
"5c:cd:5b:bf:96:9a","2022-08-30 01:08:58",9.7
"5c:cd:5b:bf:96:9a","2022-08-30 03:02:17",7
"5c:cd:5b:bf:96:9a","2022-08-30 04:55:37",35.1
"5c:cd:5b:bf:96:9a","2022-08-30 06:48:57",5.1
"5c:cd:5b:bf:96:9a","2022-08-30 08:42:16",7.1
"5c:cd:5b:bf:96:9a","2022-08-30 10:35:36",18.4
"5c:cd:5b:bf:96:9a","2022-08-30 12:28:56",12.2
"5c:cd:5b:bf:96:9a","2022-08-30 14:22:15",1.7
"5c:cd:5b:bf:96:9a","2022-08-30 16:15:35",3.2
"5c:cd:5b:bf:96:9a","2022-08-30 18:08:55",5.9
"5c:cd:5b:bf:96:9a","2022-08-30 20:02:14",33.5
"5c:cd:5b:bf:96:9a","2022-08-30 21:55:34",22.4
"5c:cd:5b:bf:96:9a","2022-08-30 23:48:54",8.8
"5c:cd:5b:bf:96:9a","2022-08-31 01:42:13",44.4
"5c:cd:5b:bf:96:9a","2022-08-31 03:35:33",10.2
"5c:cd:5b:bf:96:9a","2022-08-31 05:28:53",9.5
"5c:cd:5b:bf:96:9a","2022-08-31 07:22:12",22.5
"5c:cd:5b:bf:96:9a","2022-08-31 09:15:32",5.1
"5c:cd:5b:bf:96:9a","2022-08-31 11:08:52",66.7
"5c:cd:5b:bf:96:9a","2022-08-31 13:02:11",92
"5c:cd:5b:bf:96:9a","2022-08-31 14:55:31",39.3
"5c:cd:5b:bf:96:9a","2022-08-31 16:48:51",11.1
"5c:cd:5b:bf:96:9a","2022-08-31 18:42:10",60
"5c:cd:5b:bf:96:9a","2022-08-31 20:35:30",1.1
"5c:cd:5b:bf:96:9a","2022-08-31 22:28:50",35.5
"5c:cd:5b:bf:96:9a","2022-09-01 00:22:09",7.3
"5c:cd:5b:bf:96:9a","2022-09-01 02:15:29",28.2
"5c:cd:5b:bf:96:9a","2022-09-01 04:08:49",66.2
"5c:cd:5b:bf:96:9a","2022-09-01 06:02:08",4.2
"5c:cd:5b:bf:96:9a","2022-09-01 07:55:28",27.1
"5c:cd:5b:bf:96:9a","2022-09-01 09:48:47",2.2
"5c:cd:5b:bf:96:9a","2022-09-01 11:42:07",5.1
"5c:cd:5b:bf:96:9a","2022-09-01 13:35:27",35.5
"5c:cd:5b:bf:96:9a","2022-09-01 15:28:46",27.1
"5c:cd:5b:bf:96:9a","2022-09-01 17:22:06",11.3
"5c:cd:5b:bf:96:9a","2022-09-01 19:15:26",1.1
"5c:cd:5b:bf:96:9a","2022-09-01 21:08:45",56.8
"5c:cd:5b:bf:96:9a","2022-09-01 23:02:05",6.1
"5c:cd:5b:bf:96:9a","2022-09-02 00:55:25",12.2
"5c:cd:5b:bf:96:9a","2022-09-02 02:48:44",27.1
"5c:cd:5b:bf:96:9a","2022-09-02 04:42:04",66.2
"5c:cd:5b:bf:96:9a","2022-09-02 06:35:24",93.6
"5c:cd:5b:bf:96:9a","2022-09-02 08:28:43",30.5
"5c:cd:5b:bf:96:9a","2022-09-02 10:22:03",7.1
"5c:cd:5b:bf:96:9a","2022-09-02 12:15:23",9.3
"5c:cd:5b:bf:96:9a","2022-09-02 14:08:42",54.9
"5c:cd:5b:bf:96:9a","2022-09-02 16:02:02",1.1
"5c:cd:5b:bf:96:9a","2022-09-02 17:55:22",29.7
"5c:cd:5b:bf:96:9a","2022-09-02 19:48:41",12.8
"5c:cd:5b:bf:96:9a","2022-09-02 21:42:01",8.8
"5c:cd:5b:bf:96:9a","2022-09-02 23:35:21",20.3
"5c:cd:5b:bf:96:9a","2022-09-03 01:28:40",5.9
"5c:cd:5b:bf:96:9a","2022-09-03 03:22:00",25.9
"5c:cd:5b:bf:96:9a","2022-09-03 05:15:20",7.1
"5c:cd:5b:bf:96:9a","2022-09-03 07:08:39",15.1
"5c:cd:5b:bf:96:9a","2022-09-03 09:01:59",56.8
"5c:cd:5b:bf:96:9a","2022-09-03 10:55:19",44.4
"5c:cd:5b:bf:96:9a","2022-09-03 12:48:38",44.4
"5c:cd:5b:bf:96:9a","2022-09-03 14:41:58",7.3
"5c:cd:5b:bf:96:9a","2022-09-03 16:35:18",24.3
"5c:cd:5b:bf:96:9a","2022-09-03 18:28:37",37
"5c:cd:5b:bf:96:9a","2022-09-03 20:21:57",5.1
"5c:cd:5b:bf:96:9a","2022-09-03 22:15:17",27.1
"5c:cd:5b:bf:96:9a","2022-09-04 00:08:36",3.9
"5c:cd:5b:bf:96:9a","2022-09-04 02:01:56",3.9
"5c:cd:5b:bf:96:9a","2022-09-04 03:55:15",56.8
"5c:cd:5b:bf:96:9a","2022-09-04 05:48:35",68.6
"5c:cd:5b:bf:96:9a","2022-09-04 07:41:55",66.2
"5c:cd:5b:bf:96:9a","2022-09-04 09:35:14",12.2
"5c:cd:5b:bf:96:9a","2022-09-04 11:28:34",53.1
"5c:cd:5b:bf:96:9a","2022-09-04 13:21:54",35.1
"5c:cd:5b:bf:96:9a","2022-09-04 15:15:13",27.9
"5c:cd:5b:bf:96:9a","2022-09-04 17:08:33",66.7
"5c:cd:5b:bf:96:9a","2022-09-04 19:01:53",27.1
"5c:cd:5b:bf:96:9a","2022-09-04 20:55:12",11.7
"5c:cd:5b:bf:96:9a","2022-09-04 22:48:32",28.2
"5c:cd:5b:bf:96:9a","2022-09-05 00:41:52",5.1
"5c:cd:5b:bf:96:9a","2022-09-05 02:35:11",36.4
"5c:cd:5b:bf:96:9a","2022-09-05 04:28:31",50.5
"5c:cd:5b:bf:96:9a","2022-09-05 06:21:51",19.5
"5c:cd:5b:bf:96:9a","2022-09-05 08:15:10",7.3
"5c:cd:5b:bf:96:9a","2022-09-05 10:08:30",11
"5c:cd:5b:bf:96:9a","2022-09-05 12:01:50",50.5
"5c:cd:5b:bf:96:9a","2022-09-05 13:55:09",2.9
"5c:cd:5b:bf:96:9a","2022-09-05 15:48:29",92
"5c:cd:5b:bf:96:9a","2022-09-05 17:41:49",3.2
"5c:cd:5b:bf:96:9a","2022-09-05 19:35:08",2.9
"5c:cd:5b:bf:96:9a","2022-09-05 21:28:28",30.5
"5c:cd:5b:bf:96:9a","2022-09-05 23:21:48",27.9
"5c:cd:5b:bf:96:9a","2022-09-06 01:15:07",14.9
"5c:cd:5b:bf:96:9a","2022-09-06 03:08:27",46.5
"5c:cd:5b:bf:96:9a","2022-09-06 05:01:47",21.2
"5c:cd:5b:bf:96:9a","2022-09-06 06:55:06",6.1
"5c:cd:5b:bf:96:9a","2022-09-06 08:48:26",20.3
"5c:cd:5b:bf:96:9a","2022-09-06 10:41:46",33.5
"5c:cd:5b:bf:96:9a","2022-09-06 12:35:05",36.4
"5c:cd:5b:bf:96:9a","2022-09-06 14:28:25",54.9
"5c:cd:5b:bf:96:9a","2022-09-06 16:21:44",5.1
"5c:cd:5b:bf:96:9a","2022-09-06 18:15:04",20.3
"5c:cd:5b:bf:96:9a","2022-09-06 20:08:24",11.3
"5c:cd:5b:bf:96:9a","2022-09-06 22:01:43",10.2
"5c:cd:5b:bf:96:9a","2022-09-06 23:55:03",15.7
"5c:cd:5b:bf:96:9a","2022-09-07 01:48:23",2.9
"5c:cd:5b:bf:96:9a","2022-09-07 03:41:42",31.2
"5c:cd:5b:bf:96:9a","2022-09-07 05:35:02",37
"5c:cd:5b:bf:96:9a","2022-09-07 07:28:22",71.6
"5c:cd:5b:bf:96:9a","2022-09-07 09:21:41",27.1
"5c:cd:5b:bf:96:9a","2022-09-07 11:15:01",33.5
"5c:cd:5b:bf:96:9a","2022-09-07 13:08:21",35.1
"5c:cd:5b:bf:96:9a","2022-09-07 15:01:40",29.7
"5c:cd:5b:bf:96:9a","2022-09-07 16:55:00",9.5
"5c:cd:5b:bf:96:9a","2022-09-07 18:48:20",28.2
"5c:cd:5b:bf:96:9a","2022-09-07 20:41:39",68.6
"5c:cd:5b:bf:96:9a","2022-09-07 22:34:59",2.9
"5c:cd:5b:bf:96:9a","2022-09-08 00:28:19",2.2
"5c:cd:5b:bf:96:9a","2022-09-08 02:21:38",27.9
"5c:cd:5b:bf:96:9a","2022-09-08 04:14:58",44.4
"5c:cd:5b:bf:96:9a","2022-09-08 06:08:18",7
"5c:cd:5b:bf:96:9a","2022-09-08 08:01:37",4.1
"5c:cd:5b:bf:96:9a","2022-09-08 09:54:57",3.2
"5c:cd:5b:bf:96:9a","2022-09-08 11:48:17",27.9
"5c:cd:5b:bf:96:9a","2022-09-08 13:41:36",11.3
"5c:cd:5b:bf:96:9a","2022-09-08 15:34:56",5.1
"5c:cd:5b:bf:96:9a","2022-09-08 17:28:16",39.8
"5c:cd:5b:bf:96:9a","2022-09-08 19:21:35",37
"5c:cd:5b:bf:96:9a","2022-09-08 21:14:55",2.2
"5c:cd:5b:bf:96:9a","2022-09-08 23:08:15",66.7
"5c:cd:5b:bf:96:9a","2022-09-09 01:01:34",5.1
"5c:cd:5b:bf:96:9a","2022-09-09 02:54:54",11
"5c:cd:5b:bf:96:9a","2022-09-09 04:48:14",11.3
"5c:cd:5b:bf:96:9a","2022-09-09 06:41:33",12.8
"5c:cd:5b:bf:96:9a","2022-09-09 08:34:53",9.5
"5c:cd:5b:bf:96:9a","2022-09-09 10:28:12",7
"5c:cd:5b:bf:96:9a","2022-09-09 12:21:32",12.8
"5c:cd:5b:bf:96:9a","2022-09-09 14:14:52",2.9
"5c:cd:5b:bf:96:9a","2022-09-09 16:08:11",50.3
"5c:cd:5b:bf:96:9a","2022-09-09 18:01:31",21.2
"5c:cd:5b:bf:96:9a","2022-09-09 19:54:51",54.9
"5c:cd:5b:bf:96:9a","2022-09-09 21:48:10",50.5
"5c:cd:5b:bf:96:9a","2022-09-09 23:41:30",11.1
"5c:cd:5b:bf:96:9a","2022-09-10 01:34:50",9.1
"5c:cd:5b:bf:96:9a","2022-09-10 03:28:09",16
"5c:cd:5b:bf:96:9a","2022-09-10 05:21:29",44.4
"5c:cd:5b:bf:96:9a","2022-09-10 07:14:49",46.5
"5c:cd:5b:bf:96:9a","2022-09-10 09:08:08",3.2
"5c:cd:5b:bf:96:9a","2022-09-10 11:01:28",4.2
"5c:cd:5b:bf:96:9a","2022-09-10 12:54:48",37.8
"5c:cd:5b:bf:96:9a","2022-09-10 14:48:07",14.9
"5c:cd:5b:bf:96:9a","2022-09-10 16:41:27",20.2
"5c:cd:5b:bf:96:9a","2022-09-10 18:34:47",54.6
"5c:cd:5b:bf:96:9a","2022-09-10 20:28:06",39.8
"5c:cd:5b:bf:96:9a","2022-09-10 22:21:26",27.1
"5c:cd:5b:bf:96:9a","2022-09-11 00:14:46",9.7
"5c:cd:5b:bf:96:9a","2022-09-11 02:08:05",7.3
"5c:cd:5b:bf:96:9a","2022-09-11 04:01:25",2.2
"5c:cd:5b:bf:96:9a","2022-09-11 05:54:45",37.8
"5c:cd:5b:bf:96:9a","2022-09-11 07:48:04",7.3
"5c:cd:5b:bf:96:9a","2022-09-11 09:41:24",7
"5c:cd:5b:bf:96:9a","2022-09-11 11:34:44",36.4
"5c:cd:5b:bf:96:9a","2022-09-11 13:28:03",25.9
"5c:cd:5b:bf:96:9a","2022-09-11 15:21:23",25.9
"5c:cd:5b:bf:96:9a","2022-09-11 17:14:43",93.6
"5c:cd:5b:bf:96:9a","2022-09-11 19:08:02",16
"5c:cd:5b:bf:96:9a","2022-09-11 21:01:22",26.4
"5c:cd:5b:bf:96:9a","2022-09-11 22:54:42",11.3
"5c:cd:5b:bf:96:9a","2022-09-12 00:48:01",68.6
"5c:cd:5b:bf:96:9a","2022-09-12 02:41:21",22.6
"5c:cd:5b:bf:96:9a","2022-09-12 04:34:40",11.3
"5c:cd:5b:bf:96:9a","2022-09-12 06:28:00",35.1
"5c:cd:5b:bf:96:9a","2022-09-12 08:21:20",37
"5c:cd:5b:bf:96:9a","2022-09-12 10:14:39",7.3
"5c:cd:5b:bf:96:9a","2022-09-12 12:07:59",71.6
"5c:cd:5b:bf:96:9a","2022-09-12 14:01:19",6.1
"5c:cd:5b:bf:96:9a","2022-09-12 15:54:38",11.3
"5c:cd:5b:bf:96:9a","2022-09-12 17:47:58",7
"5c:cd:5b:bf:96:9a","2022-09-12 19:41:18",11
"5c:cd:5b:bf:96:9a","2022-09-12 21:34:37",11.7
"5c:cd:5b:bf:96:9a","2022-09-12 23:27:57",66.7
"5c:cd:5b:bf:96:9a","2022-09-13 01:21:17",11
"5c:cd:5b:bf:96:9a","2022-09-13 03:14:36",27.9
"5c:cd:5b:bf:96:9a","2022-09-13 05:07:56",66.7
"5c:cd:5b:bf:96:9a","2022-09-13 07:01:16",60
"5c:cd:5b:bf:96:9a","2022-09-13 08:54:35",56.8
"5c:cd:5b:bf:96:9a","2022-09-13 10:47:55",1.1
"5c:cd:5b:bf:96:9a","2022-09-13 12:41:15",9.7
"5c:cd:5b:bf:96:9a","2022-09-13 14:34:34",44.4
"5c:cd:5b:bf:96:9a","2022-09-13 16:27:54",22.5
"5c:cd:5b:bf:96:9a","2022-09-13 18:21:14",26.4
"5c:cd:5b:bf:96:9a","2022-09-13 20:14:33",6.1
"5c:cd:5b:bf:96:9a","2022-09-13 22:07:53",2.2
"5c:cd:5b:bf:96:9a","2022-09-14 00:01:13",33.5
"5c:cd:5b:bf:96:9a","2022-09-14 01:54:32",9.3
"5c:cd:5b:bf:96:9a","2022-09-14 03:47:52",3.9
"5c:cd:5b:bf:96:9a","2022-09-14 05:41:12",7
"5c:cd:5b:bf:96:9a","2022-09-14 07:34:31",54.6
"5c:cd:5b:bf:96:9a","2022-09-14 09:27:51",30.5
"5c:cd:5b:bf:96:9a","2022-09-14 11:21:11",22.6
"5c:cd:5b:bf:96:9a","2022-09-14 13:14:30",9.1
"5c:cd:5b:bf:96:9a","2022-09-14 15:07:50",11.3
"5c:cd:5b:bf:96:9a","2022-09-14 17:01:10",68.6
"5c:cd:5b:bf:96:9a","2022-09-14 18:54:29",41.1
"5c:cd:5b:bf:96:9a","2022-09-14 20:47:49",6.1
"5c:cd:5b:bf:96:9a","2022-09-14 22:41:08",93.6
"5c:cd:5b:bf:96:9a","2022-09-15 00:34:28",1.7
"5c:cd:5b:bf:96:9a","2022-09-15 02:27:48",58.7
"5c:cd:5b:bf:96:9a","2022-09-15 04:21:07",11.3
"5c:cd:5b:bf:96:9a","2022-09-15 06:14:27",7.3
"5c:cd:5b:bf:96:9a","2022-09-15 08:07:47",2.2
"5c:cd:5b:bf:96:9a","2022-09-15 10:01:06",1.3
"5c:cd:5b:bf:96:9a","2022-09-15 11:54:26",5.1
"5c:cd:5b:bf:96:9a","2022-09-15 13:47:46",1.3
"5c:cd:5b:bf:96:9a","2022-09-15 15:41:05",14.9
"5c:cd:5b:bf:96:9a","2022-09-15 17:34:25",30.5
"5c:cd:5b:bf:96:9a","2022-09-15 19:27:45",28
"5c:cd:5b:bf:96:9a","2022-09-15 21:21:04",7
"5c:cd:5b:bf:96:9a","2022-09-15 23:14:24",4.1
"5c:cd:5b:bf:96:9a","2022-09-16 01:07:44",1.7
"5c:cd:5b:bf:96:9a","2022-09-16 03:01:03",9.7
"5c:cd:5b:bf:96:9a","2022-09-16 04:54:23",41.1
"5c:cd:5b:bf:96:9a","2022-09-16 06:47:43",17.4
"5c:cd:5b:bf:96:9a","2022-09-16 08:41:02",93.6
"5c:cd:5b:bf:96:9a","2022-09-16 10:34:22",37
"5c:cd:5b:bf:96:9a","2022-09-16 12:27:42",35.1
"5c:cd:5b:bf:96:9a","2022-09-16 14:21:01",53.1
"5c:cd:5b:bf:96:9a","2022-09-16 16:14:21",66.2
"5c:cd:5b:bf:96:9a","2022-09-16 18:07:41",56.8
"5c:cd:5b:bf:96:9a","2022-09-16 20:01:00",15.1
"5c:cd:5b:bf:96:9a","2022-09-16 21:54:20",17.4
"5c:cd:5b:bf:96:9a","2022-09-16 23:47:40",2.2
"5c:cd:5b:bf:96:9a","2022-09-17 01:40:59",14.9
"5c:cd:5b:bf:96:9a","2022-09-17 03:34:19",50.3
"5c:cd:5b:bf:96:9a","2022-09-17 05:27:39",35.1
"5c:cd:5b:bf:96:9a","2022-09-17 07:20:58",2.9
"5c:cd:5b:bf:96:9a","2022-09-17 09:14:18",2.9
"5c:cd:5b:bf:96:9a","2022-09-17 11:07:38",29.7
"5c:cd:5b:bf:96:9a","2022-09-17 13:00:57",66.7
"5c:cd:5b:bf:96:9a","2022-09-17 14:54:17",35.1
"5c:cd:5b:bf:96:9a","2022-09-17 16:47:36",19.5
"5c:cd:5b:bf:96:9a","2022-09-17 18:40:56",9.5
"5c:cd:5b:bf:96:9a","2022-09-17 20:34:16",7
"5c:cd:5b:bf:96:9a","2022-09-17 22:27:35",20.3
"5c:cd:5b:bf:96:9a","2022-09-18 00:20:55",31.2
"5c:cd:5b:bf:96:9a","2022-09-18 02:14:15",15.1
"5c:cd:5b:bf:96:9a","2022-09-18 04:07:34",2.7
"5c:cd:5b:bf:96:9a","2022-09-18 06:00:54",9.1
"5c:cd:5b:bf:96:9a","2022-09-18 07:54:14",11.3
"5c:cd:5b:bf:96:9a","2022-09-18 09:47:33",93.6
"5c:cd:5b:bf:96:9a","2022-09-18 11:40:53",56.8
"5c:cd:5b:bf:96:9a","2022-09-18 13:34:13",47.6
"5c:cd:5b:bf:96:9a","2022-09-18 15:27:32",15.4
"5c:cd:5b:bf:96:9a","2022-09-18 17:20:52",2.7
"5c:cd:5b:bf:96:9a","2022-09-18 19:14:12",1.1
"5c:cd:5b:bf:96:9a","2022-09-18 21:07:31",44.4
"5c:cd:5b:bf:96:9a","2022-09-18 23:00:51",20.2
"5c:cd:5b:bf:96:9a","2022-09-19 00:54:11",4.2
"5c:cd:5b:bf:96:9a","2022-09-19 02:47:30",33.5
"5c:cd:5b:bf:96:9a","2022-09-19 04:40:50",71.6
"5c:cd:5b:bf:96:9a","2022-09-19 06:34:10",54.9
"5c:cd:5b:bf:96:9a","2022-09-19 08:27:29",7.9
"5c:cd:5b:bf:96:9a","2022-09-19 10:20:49",50.5
"5c:cd:5b:bf:96:9a","2022-09-19 12:14:09",50.3
"5c:cd:5b:bf:96:9a","2022-09-19 14:07:28",50.3
"5c:cd:5b:bf:96:9a","2022-09-19 16:00:48",37
"5c:cd:5b:bf:96:9a","2022-09-19 17:54:08",54.9
"5c:cd:5b:bf:96:9a","2022-09-19 19:47:27",7.1
"5c:cd:5b:bf:96:9a","2022-09-19 21:40:47",37.8
"5c:cd:5b:bf:96:9a","2022-09-19 23:34:07",4.2
"5c:cd:5b:bf:96:9a","2022-09-20 01:27:26",3.9
"5c:cd:5b:bf:96:9a","2022-09-20 03:20:46",36.4
"5c:cd:5b:bf:96:9a","2022-09-20 05:14:05",2.2
"5c:cd:5b:bf:96:9a","2022-09-20 07:07:25",2.2
"5c:cd:5b:bf:96:9a","2022-09-20 09:00:45",29.7
"5c:cd:5b:bf:96:9a","2022-09-20 10:54:04",54.9
"5c:cd:5b:bf:96:9a","2022-09-20 12:47:24",37.8
"5c:cd:5b:bf:96:9a","2022-09-20 14:40:44",18.4
"5c:cd:5b:bf:96:9a","2022-09-20 16:34:03",21.2
"5c:cd:5b:bf:96:9a","2022-09-20 18:27:23",28.2
"5c:cd:5b:bf:96:9a","2022-09-20 20:20:43",44.4
"5c:cd:5b:bf:96:9a","2022-09-20 22:14:02",14.9
"5c:cd:5b:bf:96:9a","2022-09-21 00:07:22",66.2
"5c:cd:5b:bf:96:9a","2022-09-21 02:00:42",44.4
"5c:cd:5b:bf:96:9a","2022-09-21 03:54:01",7.9
"5c:cd:5b:bf:96:9a","2022-09-21 05:47:21",7.3
"5c:cd:5b:bf:96:9a","2022-09-21 07:40:41",4.2
"5c:cd:5b:bf:96:9a","2022-09-21 09:34:00",24
"5c:cd:5b:bf:96:9a","2022-09-21 11:27:20",11.7
"5c:cd:5b:bf:96:9a","2022-09-21 13:20:40",53.1
"5c:cd:5b:bf:96:9a","2022-09-21 15:13:59",92
"5c:cd:5b:bf:96:9a","2022-09-21 17:07:19",31.2
"5c:cd:5b:bf:96:9a","2022-09-21 19:00:39",25.9
"5c:cd:5b:bf:96:9a","2022-09-21 20:53:58",7
"5c:cd:5b:bf:96:9a","2022-09-21 22:47:18",92
"5c:cd:5b:bf:96:9a","2022-09-22 00:40:38",5.1
"5c:cd:5b:bf:96:9a","2022-09-22 02:33:57",15.1
"5c:cd:5b:bf:96:9a","2022-09-22 04:27:17",54.6
"5c:cd:5b:bf:96:9a","2022-09-22 06:20:37",35.1
"5c:cd:5b:bf:96:9a","2022-09-22 08:13:56",74.4
"5c:cd:5b:bf:96:9a","2022-09-22 10:07:16",18.4
"5c:cd:5b:bf:96:9a","2022-09-22 12:00:36",46.5
"5c:cd:5b:bf:96:9a","2022-09-22 13:53:55",18.4
"5c:cd:5b:bf:96:9a","2022-09-22 15:47:15",6.1
"5c:cd:5b:bf:96:9a","2022-09-22 17:40:35",5.9
"5c:cd:5b:bf:96:9a","2022-09-22 19:33:54",11.3
"5c:cd:5b:bf:96:9a","2022-09-22 21:27:14",17.4
"5c:cd:5b:bf:96:9a","2022-09-22 23:20:33",14.9
"5c:cd:5b:bf:96:9a","2022-09-23 01:13:53",17.4
"5c:cd:5b:bf:96:9a","2022-09-23 03:07:13",11.7
"5c:cd:5b:bf:96:9a","2022-09-23 05:00:32",20.2
"5c:cd:5b:bf:96:9a","2022-09-23 06:53:52",93.6
"5c:cd:5b:bf:96:9a","2022-09-23 08:47:12",68.6
"5c:cd:5b:bf:96:9a","2022-09-23 10:40:31",44.4
"5c:cd:5b:bf:96:9a","2022-09-23 12:33:51",93.6
"5c:cd:5b:bf:96:9a","2022-09-23 14:27:11",11.1
"5c:cd:5b:bf:96:9a","2022-09-23 16:20:30",74.4
"5c:cd:5b:bf:96:9a","2022-09-23 18:13:50",66.7
"5c:cd:5b:bf:96:9a","2022-09-23 20:07:10",12.2
"5c:cd:5b:bf:96:9a","2022-09-23 22:00:29",92
"5c:cd:5b:bf:96:9a","2022-09-23 23:53:49",15.1
"5c:cd:5b:bf:96:9a","2022-09-24 01:47:09",35.5
"5c:cd:5b:bf:96:9a","2022-09-24 03:40:28",54.9
"5c:cd:5b:bf:96:9a","2022-09-24 05:33:48",1.7
"5c:cd:5b:bf:96:9a","2022-09-24 07:27:08",54.6
"5c:cd:5b:bf:96:9a","2022-09-24 09:20:27",31.2
"5c:cd:5b:bf:96:9a","2022-09-24 11:13:47",22.5
"5c:cd:5b:bf:96:9a","2022-09-24 13:07:07",50.3
"5c:cd:5b:bf:96:9a","2022-09-24 15:00:26",53.1
"5c:cd:5b:bf:96:9a","2022-09-24 16:53:46",60
"5c:cd:5b:bf:96:9a","2022-09-24 18:47:06",37.8
"5c:cd:5b:bf:96:9a","2022-09-24 20:40:25",18.4
"5c:cd:5b:bf:96:9a","2022-09-24 22:33:45",31.2
"5c:cd:5b:bf:96:9a","2022-09-25 00:27:05",27.1
"5c:cd:5b:bf:96:9a","2022-09-25 02:20:24",68.6
"5c:cd:5b:bf:96:9a","2022-09-25 04:13:44",7.3
"5c:cd:5b:bf:96:9a","2022-09-25 06:07:04",4.2
"5c:cd:5b:bf:96:9a","2022-09-25 08:00:23",19.5
"5c:cd:5b:bf:96:9a","2022-09-25 09:53:43",54.6
"5c:cd:5b:bf:96:9a","2022-09-25 11:47:03",74.4
"5c:cd:5b:bf:96:9a","2022-09-25 13:40:22",1.3
"5c:cd:5b:bf:96:9a","2022-09-25 15:33:42",7.3
"5c:cd:5b:bf:96:9a","2022-09-25 17:27:01",5.1
"5c:cd:5b:bf:96:9a","2022-09-25 19:20:21",7.3
"5c:cd:5b:bf:96:9a","2022-09-25 21:13:41",54.6
"5c:cd:5b:bf:96:9a","2022-09-25 23:07:00",8.8
"5c:cd:5b:bf:96:9a","2022-09-26 01:00:20",9.7
"5c:cd:5b:bf:96:9a","2022-09-26 02:53:40",54.9
"5c:cd:5b:bf:96:9a","2022-09-26 04:46:59",66.7
"5c:cd:5b:bf:96:9a","2022-09-26 06:40:19",11.1
"5c:cd:5b:bf:96:9a","2022-09-26 08:33:39",1.3
"5c:cd:5b:bf:96:9a","2022-09-26 10:26:58",41.1
"5c:cd:5b:bf:96:9a","2022-09-26 12:20:18",16
"5c:cd:5b:bf:96:9a","2022-09-26 14:13:38",8.8
"5c:cd:5b:bf:96:9a","2022-09-26 16:06:57",15.4
"5c:cd:5b:bf:96:9a","2022-09-26 18:00:17",41.1
"5c:cd:5b:bf:96:9a","2022-09-26 19:53:37",5.9
"5c:cd:5b:bf:96:9a","2022-09-26 21:46:56",93.6
"5c:cd:5b:bf:96:9a","2022-09-26 23:40:16",60
"5c:cd:5b:bf:96:9a","2022-09-27 01:33:36",12.8
"5c:cd:5b:bf:96:9a","2022-09-27 03:26:55",18.4
"5c:cd:5b:bf:96:9a","2022-09-27 05:20:15",93.6
"5c:cd:5b:bf:96:9a","2022-09-27 07:13:35",15.7
"5c:cd:5b:bf:96:9a","2022-09-27 09:06:54",44.4
"5c:cd:5b:bf:96:9a","2022-09-27 11:00:14",58.7
"5c:cd:5b:bf:96:9a","2022-09-27 12:53:34",28
"5c:cd:5b:bf:96:9a","2022-09-27 14:46:53",20.3
"5c:cd:5b:bf:96:9a","2022-09-27 16:40:13",7.3
"5c:cd:5b:bf:96:9a","2022-09-27 18:33:33",17.4
"5c:cd:5b:bf:96:9a","2022-09-27 20:26:52",27.1
"5c:cd:5b:bf:96:9a","2022-09-27 22:20:12",10.2
"5c:cd:5b:bf:96:9a","2022-09-28 00:13:32",4.2
"5c:cd:5b:bf:96:9a","2022-09-28 02:06:51",28.2
"5c:cd:5b:bf:96:9a","2022-09-28 04:00:11",92
"5c:cd:5b:bf:96:9a","2022-09-28 05:53:31",7.1
"5c:cd:5b:bf:96:9a","2022-09-28 07:46:50",26.4
"5c:cd:5b:bf:96:9a","2022-09-28 09:40:10",39.3
"5c:cd:5b:bf:96:9a","2022-09-28 11:33:29",15.4
"5c:cd:5b:bf:96:9a","2022-09-28 13:26:49",7.3
"5c:cd:5b:bf:96:9a","2022-09-28 15:20:09",6.1
"5c:cd:5b:bf:96:9a","2022-09-28 17:13:28",28
"5c:cd:5b:bf:96:9a","2022-09-28 19:06:48",9.3
"5c:cd:5b:bf:96:9a","2022-09-28 21:00:08",36.4
"5c:cd:5b:bf:96:9a","2022-09-28 22:53:27",3.2
"5c:cd:5b:bf:96:9a","2022-09-29 00:46:47",1.7
"5c:cd:5b:bf:96:9a","2022-09-29 02:40:07",7
"5c:cd:5b:bf:96:9a","2022-09-29 04:33:26",1.3
"5c:cd:5b:bf:96:9a","2022-09-29 06:26:46",50.3
"5c:cd:5b:bf:96:9a","2022-09-29 08:20:06",37
"5c:cd:5b:bf:96:9a","2022-09-29 10:13:25",26.6
"5c:cd:5b:bf:96:9a","2022-09-29 12:06:45",5.1
"5c:cd:5b:bf:96:9a","2022-09-29 14:00:05",9.5
"5c:cd:5b:bf:96:9a","2022-09-29 15:53:24",15.7
"5c:cd:5b:bf:96:9a","2022-09-29 17:46:44",31.2
"5c:cd:5b:bf:96:9a","2022-09-29 19:40:04",28.2
"5c:cd:5b:bf:96:9a","2022-09-29 21:33:23",11.3
"5c:cd:5b:bf:96:9a","2022-09-29 23:26:43",4.1
"5c:cd:5b:bf:96:9a","2022-09-30 01:20:03",54.9
"5c:cd:5b:bf:96:9a","2022-09-30 03:13:22",5.1
"5c:cd:5b:bf:96:9a","2022-09-30 05:06:42",7.3
"5c:cd:5b:bf:96:9a","2022-09-30 07:00:02",44.4
"5c:cd:5b:bf:96:9a","2022-09-30 08:53:21",30.5
"5c:cd:5b:bf:96:9a","2022-09-30 10:46:41",6.1
"5c:cd:5b:bf:96:9a","2022-09-30 12:40:01",17.4
"5c:cd:5b:bf:96:9a","2022-09-30 14:33:20",29.7
"5c:cd:5b:bf:96:9a","2022-09-30 16:26:40",4.2
"5c:cd:5b:bf:96:9a","2022-09-30 18:20:00",1.7
"5c:cd:5b:bf:96:9a","2022-09-30 20:13:19",27.1
"5c:cd:5b:bf:96:9a","2022-09-30 22:06:39",7.3
"5c:cd:5b:bf:96:9a","2022-09-30 23:59:59",35.5
"5c:cd:5b:bf:96:9a","2022-10-01 00:00:00",7.7
"5c:cd:5b:bf:96:9a","2022-10-01 01:54:45",28.2
"5c:cd:5b:bf:96:9a","2022-10-01 03:49:30",5.1
"5c:cd:5b:bf:96:9a","2022-10-01 05:44:16",12.5
"5c:cd:5b:bf:96:9a","2022-10-01 07:39:01",13.5
"5c:cd:5b:bf:96:9a","2022-10-01 09:33:46",9.8
"5c:cd:5b:bf:96:9a","2022-10-01 11:28:32",2.4
"5c:cd:5b:bf:96:9a","2022-10-01 13:23:17",52.5
"5c:cd:5b:bf:96:9a","2022-10-01 15:18:02",2.6
"5c:cd:5b:bf:96:9a","2022-10-01 17:12:48",46.3
"5c:cd:5b:bf:96:9a","2022-10-01 19:07:33",23.7
"5c:cd:5b:bf:96:9a","2022-10-01 21:02:18",0
"5c:cd:5b:bf:96:9a","2022-10-01 22:57:04",30.8
"5c:cd:5b:bf:96:9a","2022-10-02 00:51:49",19.5
"5c:cd:5b:bf:96:9a","2022-10-02 02:46:34",2.6
"5c:cd:5b:bf:96:9a","2022-10-02 04:41:20",2.5
"5c:cd:5b:bf:96:9a","2022-10-02 06:36:05",60
"5c:cd:5b:bf:96:9a","2022-10-02 08:30:50",12.2
"5c:cd:5b:bf:96:9a","2022-10-02 10:25:36",27.5
"5c:cd:5b:bf:96:9a","2022-10-02 12:20:21",28.9
"5c:cd:5b:bf:96:9a","2022-10-02 14:15:06",50
"5c:cd:5b:bf:96:9a","2022-10-02 16:09:52",2.6
"5c:cd:5b:bf:96:9a","2022-10-02 18:04:37",12.8
"5c:cd:5b:bf:96:9a","2022-10-02 19:59:22",4.9
"5c:cd:5b:bf:96:9a","2022-10-02 21:54:08",10.3
"5c:cd:5b:bf:96:9a","2022-10-02 23:48:53",12.5
"5c:cd:5b:bf:96:9a","2022-10-03 01:43:38",38.5
"5c:cd:5b:bf:96:9a","2022-10-03 03:38:24",23.1
"5c:cd:5b:bf:96:9a","2022-10-03 05:33:09",5.1
"5c:cd:5b:bf:96:9a","2022-10-03 07:27:54",12.8
"5c:cd:5b:bf:96:9a","2022-10-03 09:22:40",2.5
"5c:cd:5b:bf:96:9a","2022-10-03 11:17:25",28.2
"5c:cd:5b:bf:96:9a","2022-10-03 13:12:11",5.3
"5c:cd:5b:bf:96:9a","2022-10-03 15:06:56",37.2
"5c:cd:5b:bf:96:9a","2022-10-03 17:01:41",38.5
"5c:cd:5b:bf:96:9a","2022-10-03 18:56:27",60
"5c:cd:5b:bf:96:9a","2022-10-03 20:51:12",30
"5c:cd:5b:bf:96:9a","2022-10-03 22:45:57",25.6
"5c:cd:5b:bf:96:9a","2022-10-04 00:40:43",0
"5c:cd:5b:bf:96:9a","2022-10-04 02:35:28",19.5
"5c:cd:5b:bf:96:9a","2022-10-04 04:30:13",38.5
"5c:cd:5b:bf:96:9a","2022-10-04 06:24:59",15
"5c:cd:5b:bf:96:9a","2022-10-04 08:19:44",11.9
"5c:cd:5b:bf:96:9a","2022-10-04 10:14:29",2.6
"5c:cd:5b:bf:96:9a","2022-10-04 12:09:15",47.5
"5c:cd:5b:bf:96:9a","2022-10-04 14:04:00",26.8
"5c:cd:5b:bf:96:9a","2022-10-04 15:58:45",35.1
"5c:cd:5b:bf:96:9a","2022-10-04 17:53:31",2.6
"5c:cd:5b:bf:96:9a","2022-10-04 19:48:16",23.3
"5c:cd:5b:bf:96:9a","2022-10-04 21:43:01",14.6
"5c:cd:5b:bf:96:9a","2022-10-04 23:37:47",5.6
"5c:cd:5b:bf:96:9a","2022-10-05 01:32:32",0
"5c:cd:5b:bf:96:9a","2022-10-05 03:27:17",5
"5c:cd:5b:bf:96:9a","2022-10-05 05:22:03",14.6
"5c:cd:5b:bf:96:9a","2022-10-05 07:16:48",9.5
"5c:cd:5b:bf:96:9a","2022-10-05 09:11:33",32.5
"5c:cd:5b:bf:96:9a","2022-10-05 11:06:19",0
"5c:cd:5b:bf:96:9a","2022-10-05 13:01:04",22.5
"5c:cd:5b:bf:96:9a","2022-10-05 14:55:49",17.1
"5c:cd:5b:bf:96:9a","2022-10-05 16:50:35",60
"5c:cd:5b:bf:96:9a","2022-10-05 18:45:20",25.6
"5c:cd:5b:bf:96:9a","2022-10-05 20:40:06",22
"5c:cd:5b:bf:96:9a","2022-10-05 22:34:51",12.8
"5c:cd:5b:bf:96:9a","2022-10-06 00:29:36",17.1
"5c:cd:5b:bf:96:9a","2022-10-06 02:24:22",5.1
"5c:cd:5b:bf:96:9a","2022-10-06 04:19:07",4.9
"5c:cd:5b:bf:96:9a","2022-10-06 06:13:52",2.5
"5c:cd:5b:bf:96:9a","2022-10-06 08:08:38",94.9
"5c:cd:5b:bf:96:9a","2022-10-06 10:03:23",0
"5c:cd:5b:bf:96:9a","2022-10-06 11:58:08",24.3
"5c:cd:5b:bf:96:9a","2022-10-06 13:52:54",5.4
"5c:cd:5b:bf:96:9a","2022-10-06 15:47:39",7.7
"5c:cd:5b:bf:96:9a","2022-10-06 17:42:24",19
"5c:cd:5b:bf:96:9a","2022-10-06 19:37:10",7.7
"5c:cd:5b:bf:96:9a","2022-10-06 21:31:55",7.9
"5c:cd:5b:bf:96:9a","2022-10-06 23:26:40",21.4
"5c:cd:5b:bf:96:9a","2022-10-07 01:21:26",20
"5c:cd:5b:bf:96:9a","2022-10-07 03:16:11",2.5
"5c:cd:5b:bf:96:9a","2022-10-07 05:10:56",25
"5c:cd:5b:bf:96:9a","2022-10-07 07:05:42",2.5
"5c:cd:5b:bf:96:9a","2022-10-07 09:00:27",5.1
"5c:cd:5b:bf:96:9a","2022-10-07 10:55:12",14.6
"5c:cd:5b:bf:96:9a","2022-10-07 12:49:58",9.8
"5c:cd:5b:bf:96:9a","2022-10-07 14:44:43",2.6
"5c:cd:5b:bf:96:9a","2022-10-07 16:39:28",5.1
"5c:cd:5b:bf:96:9a","2022-10-07 18:34:14",2.6
"5c:cd:5b:bf:96:9a","2022-10-07 20:28:59",9.8
"5c:cd:5b:bf:96:9a","2022-10-07 22:23:44",5
"5c:cd:5b:bf:96:9a","2022-10-08 00:18:30",56.1
"5c:cd:5b:bf:96:9a","2022-10-08 02:13:15",2.6
"5c:cd:5b:bf:96:9a","2022-10-08 04:08:01",7.7
"5c:cd:5b:bf:96:9a","2022-10-08 06:02:46",9.5
"5c:cd:5b:bf:96:9a","2022-10-08 07:57:31",14.3
"5c:cd:5b:bf:96:9a","2022-10-08 09:52:17",2.5
"5c:cd:5b:bf:96:9a","2022-10-08 11:47:02",22
"5c:cd:5b:bf:96:9a","2022-10-08 13:41:47",0
"5c:cd:5b:bf:96:9a","2022-10-08 15:36:33",31.7
"5c:cd:5b:bf:96:9a","2022-10-08 17:31:18",9.5
"5c:cd:5b:bf:96:9a","2022-10-08 19:26:03",5.1
"5c:cd:5b:bf:96:9a","2022-10-08 21:20:49",4.9
"5c:cd:5b:bf:96:9a","2022-10-08 23:15:34",28.2
"5c:cd:5b:bf:96:9a","2022-10-09 01:10:19",5
"5c:cd:5b:bf:96:9a","2022-10-09 03:05:05",2.6
"5c:cd:5b:bf:96:9a","2022-10-09 04:59:50",5
"5c:cd:5b:bf:96:9a","2022-10-09 06:54:35",2.6
"5c:cd:5b:bf:96:9a","2022-10-09 08:49:21",7.7
"5c:cd:5b:bf:96:9a","2022-10-09 10:44:06",5
"5c:cd:5b:bf:96:9a","2022-10-09 12:38:51",7.3
"5c:cd:5b:bf:96:9a","2022-10-09 14:33:37",5
"5c:cd:5b:bf:96:9a","2022-10-09 16:28:22",7.5
"5c:cd:5b:bf:96:9a","2022-10-09 18:23:07",0
"5c:cd:5b:bf:96:9a","2022-10-09 20:17:53",66.7
"5c:cd:5b:bf:96:9a","2022-10-09 22:12:38",28.2
"5c:cd:5b:bf:96:9a","2022-10-10 00:07:23",5.1
"5c:cd:5b:bf:96:9a","2022-10-10 02:02:09",2.6
"5c:cd:5b:bf:96:9a","2022-10-10 03:56:54",7.5
"5c:cd:5b:bf:96:9a","2022-10-10 05:51:39",12.8
"5c:cd:5b:bf:96:9a","2022-10-10 07:46:25",69.2
"5c:cd:5b:bf:96:9a","2022-10-10 09:41:10",10.5
"5c:cd:5b:bf:96:9a","2022-10-10 11:35:55",22.5
"5c:cd:5b:bf:96:9a","2022-10-10 13:30:41",2.5
"5c:cd:5b:bf:96:9a","2022-10-10 15:25:26",2.6
"5c:cd:5b:bf:96:9a","2022-10-10 17:20:12",7.5
"5c:cd:5b:bf:96:9a","2022-10-10 19:14:57",12.5
"5c:cd:5b:bf:96:9a","2022-10-10 21:09:42",20.5
"5c:cd:5b:bf:96:9a","2022-10-10 23:04:28",15.4
"5c:cd:5b:bf:96:9a","2022-10-11 00:59:13",51.2
"5c:cd:5b:bf:96:9a","2022-10-11 02:53:58",24.4
"5c:cd:5b:bf:96:9a","2022-10-11 04:48:44",12.2
"5c:cd:5b:bf:96:9a","2022-10-11 06:43:29",7.1
"5c:cd:5b:bf:96:9a","2022-10-11 08:38:14",0
"5c:cd:5b:bf:96:9a","2022-10-11 10:33:00",2.6
"5c:cd:5b:bf:96:9a","2022-10-11 12:27:45",10.5
"5c:cd:5b:bf:96:9a","2022-10-11 14:22:30",2.6
"5c:cd:5b:bf:96:9a","2022-10-11 16:17:16",10.3
"5c:cd:5b:bf:96:9a","2022-10-11 18:12:01",5.1
"5c:cd:5b:bf:96:9a","2022-10-11 20:06:46",55
"5c:cd:5b:bf:96:9a","2022-10-11 22:01:32",24.3
"5c:cd:5b:bf:96:9a","2022-10-11 23:56:17",2.5
"5c:cd:5b:bf:96:9a","2022-10-12 01:51:02",14.3
"5c:cd:5b:bf:96:9a","2022-10-12 03:45:48",0
"5c:cd:5b:bf:96:9a","2022-10-12 05:40:33",2.5
"5c:cd:5b:bf:96:9a","2022-10-12 07:35:18",16.7
"5c:cd:5b:bf:96:9a","2022-10-12 09:30:04",32.5
"5c:cd:5b:bf:96:9a","2022-10-12 11:24:49",25
"5c:cd:5b:bf:96:9a","2022-10-12 13:19:34",5
"5c:cd:5b:bf:96:9a","2022-10-12 15:14:20",5
"5c:cd:5b:bf:96:9a","2022-10-12 17:09:05",5
"5c:cd:5b:bf:96:9a","2022-10-12 19:03:50",17.9
"5c:cd:5b:bf:96:9a","2022-10-12 20:58:36",9.8
"5c:cd:5b:bf:96:9a","2022-10-12 22:53:21",4.9
"5c:cd:5b:bf:96:9a","2022-10-13 00:48:07",8.3
"5c:cd:5b:bf:96:9a","2022-10-13 02:42:52",12.5
"5c:cd:5b:bf:96:9a","2022-10-13 04:37:37",32.5
"5c:cd:5b:bf:96:9a","2022-10-13 06:32:23",18.4
"5c:cd:5b:bf:96:9a","2022-10-13 08:27:08",17.9
"5c:cd:5b:bf:96:9a","2022-10-13 10:21:53",18.4
"5c:cd:5b:bf:96:9a","2022-10-13 12:16:39",15.8
"5c:cd:5b:bf:96:9a","2022-10-13 14:11:24",87.8
"5c:cd:5b:bf:96:9a","2022-10-13 16:06:09",20.5
"5c:cd:5b:bf:96:9a","2022-10-13 18:00:55",17.5
"5c:cd:5b:bf:96:9a","2022-10-13 19:55:40",26.3
"5c:cd:5b:bf:96:9a","2022-10-13 21:50:25",50
"5c:cd:5b:bf:96:9a","2022-10-13 23:45:11",20.5
"5c:cd:5b:bf:96:9a","2022-10-14 01:39:56",27.5
"5c:cd:5b:bf:96:9a","2022-10-14 03:34:41",22.5
"5c:cd:5b:bf:96:9a","2022-10-14 05:29:27",43.2
"5c:cd:5b:bf:96:9a","2022-10-14 07:24:12",22.5
"5c:cd:5b:bf:96:9a","2022-10-14 09:18:57",10
"5c:cd:5b:bf:96:9a","2022-10-14 11:13:43",52.5
"5c:cd:5b:bf:96:9a","2022-10-14 13:08:28",28.2
"5c:cd:5b:bf:96:9a","2022-10-14 15:03:13",15
"5c:cd:5b:bf:96:9a","2022-10-14 16:57:59",34.9
"5c:cd:5b:bf:96:9a","2022-10-14 18:52:44",20
"5c:cd:5b:bf:96:9a","2022-10-14 20:47:29",23.7
"5c:cd:5b:bf:96:9a","2022-10-14 22:42:15",10.5
"5c:cd:5b:bf:96:9a","2022-10-15 00:37:00",13.2
"5c:cd:5b:bf:96:9a","2022-10-15 02:31:45",34.2
"5c:cd:5b:bf:96:9a","2022-10-15 04:26:31",40.5
"5c:cd:5b:bf:96:9a","2022-10-15 06:21:16",30
"5c:cd:5b:bf:96:9a","2022-10-15 08:16:02",20
"5c:cd:5b:bf:96:9a","2022-10-15 10:10:47",32.5
"5c:cd:5b:bf:96:9a","2022-10-15 12:05:32",24.3
"5c:cd:5b:bf:96:9a","2022-10-15 14:00:18",21.6
"5c:cd:5b:bf:96:9a","2022-10-15 15:55:03",17.9
"5c:cd:5b:bf:96:9a","2022-10-15 17:49:48",23.7
"5c:cd:5b:bf:96:9a","2022-10-15 19:44:34",42.9
"5c:cd:5b:bf:96:9a","2022-10-15 21:39:19",25
"5c:cd:5b:bf:96:9a","2022-10-15 23:34:04",28.2
"5c:cd:5b:bf:96:9a","2022-10-16 01:28:50",20
"5c:cd:5b:bf:96:9a","2022-10-16 03:23:35",31
"5c:cd:5b:bf:96:9a","2022-10-16 05:18:20",17.5
"5c:cd:5b:bf:96:9a","2022-10-16 07:13:06",22.5
"5c:cd:5b:bf:96:9a","2022-10-16 09:07:51",20
"5c:cd:5b:bf:96:9a","2022-10-16 11:02:36",23.1
"5c:cd:5b:bf:96:9a","2022-10-16 12:57:22",16.2
"5c:cd:5b:bf:96:9a","2022-10-16 14:52:07",17.9
"5c:cd:5b:bf:96:9a","2022-10-16 16:46:52",24.3
"5c:cd:5b:bf:96:9a","2022-10-16 18:41:38",15.8
"5c:cd:5b:bf:96:9a","2022-10-16 20:36:23",15.4
"5c:cd:5b:bf:96:9a","2022-10-16 22:31:08",19.5
"5c:cd:5b:bf:96:9a","2022-10-17 00:25:54",12.8
"5c:cd:5b:bf:96:9a","2022-10-17 02:20:39",40
"5c:cd:5b:bf:96:9a","2022-10-17 04:15:24",17.5
"5c:cd:5b:bf:96:9a","2022-10-17 06:10:10",20
"5c:cd:5b:bf:96:9a","2022-10-17 08:04:55",30.8
"5c:cd:5b:bf:96:9a","2022-10-17 09:59:40",28.9
"5c:cd:5b:bf:96:9a","2022-10-17 11:54:26",17.9
"5c:cd:5b:bf:96:9a","2022-10-17 13:49:11",17.9
"5c:cd:5b:bf:96:9a","2022-10-17 15:43:56",23.1
"5c:cd:5b:bf:96:9a","2022-10-17 17:38:42",17.9
"5c:cd:5b:bf:96:9a","2022-10-17 19:33:27",30
"5c:cd:5b:bf:96:9a","2022-10-17 21:28:13",23.1
"5c:cd:5b:bf:96:9a","2022-10-17 23:22:58",20
"5c:cd:5b:bf:96:9a","2022-10-18 01:17:43",20.5
"5c:cd:5b:bf:96:9a","2022-10-18 03:12:29",18.4
"5c:cd:5b:bf:96:9a","2022-10-18 05:07:14",23.1
"5c:cd:5b:bf:96:9a","2022-10-18 07:01:59",18.4
"5c:cd:5b:bf:96:9a","2022-10-18 08:56:45",20
"5c:cd:5b:bf:96:9a","2022-10-18 10:51:30",30.6
"5c:cd:5b:bf:96:9a","2022-10-18 12:46:15",41.5
"5c:cd:5b:bf:96:9a","2022-10-18 14:41:01",39.5
"5c:cd:5b:bf:96:9a","2022-10-18 16:35:46",39.5
"5c:cd:5b:bf:96:9a","2022-10-18 18:30:31",17.9
"5c:cd:5b:bf:96:9a","2022-10-18 20:25:17",15.8
"5c:cd:5b:bf:96:9a","2022-10-18 22:20:02",28.2
"5c:cd:5b:bf:96:9a","2022-10-19 00:14:47",17.5
"5c:cd:5b:bf:96:9a","2022-10-19 02:09:33",14.6
"5c:cd:5b:bf:96:9a","2022-10-19 04:04:18",15.4
"5c:cd:5b:bf:96:9a","2022-10-19 05:59:03",31
"5c:cd:5b:bf:96:9a","2022-10-19 07:53:49",21.6
"5c:cd:5b:bf:96:9a","2022-10-19 09:48:34",56.4
"5c:cd:5b:bf:96:9a","2022-10-19 11:43:19",17.1
"5c:cd:5b:bf:96:9a","2022-10-19 13:38:05",26.8
"5c:cd:5b:bf:96:9a","2022-10-19 15:32:50",28.2
"5c:cd:5b:bf:96:9a","2022-10-19 17:27:35",20
"5c:cd:5b:bf:96:9a","2022-10-19 19:22:21",20
"5c:cd:5b:bf:96:9a","2022-10-19 21:17:06",28.2
"5c:cd:5b:bf:96:9a","2022-10-19 23:11:51",18.4
"5c:cd:5b:bf:96:9a","2022-10-20 01:06:37",18.4
"5c:cd:5b:bf:96:9a","2022-10-20 03:01:22",17.5
"5c:cd:5b:bf:96:9a","2022-10-20 04:56:08",15.4
"5c:cd:5b:bf:96:9a","2022-10-20 06:50:53",22.5
"5c:cd:5b:bf:96:9a","2022-10-20 08:45:38",28.9
"5c:cd:5b:bf:96:9a","2022-10-20 10:40:24",31.6
"5c:cd:5b:bf:96:9a","2022-10-20 12:35:09",26.3
"5c:cd:5b:bf:96:9a","2022-10-20 14:29:54",15.4
"5c:cd:5b:bf:96:9a","2022-10-20 16:24:40",28.6
"5c:cd:5b:bf:96:9a","2022-10-20 18:19:25",47.5
"5c:cd:5b:bf:96:9a","2022-10-20 20:14:10",21.4
"5c:cd:5b:bf:96:9a","2022-10-20 22:08:56",15.8
"5c:cd:5b:bf:96:9a","2022-10-21 00:03:41",17.9
"5c:cd:5b:bf:96:9a","2022-10-21 01:58:26",22.5
"5c:cd:5b:bf:96:9a","2022-10-21 03:53:12",27
"5c:cd:5b:bf:96:9a","2022-10-21 05:47:57",13.2
"5c:cd:5b:bf:96:9a","2022-10-21 07:42:42",55.3
"5c:cd:5b:bf:96:9a","2022-10-21 09:37:28",36.8
"5c:cd:5b:bf:96:9a","2022-10-21 11:32:13",24.4
"5c:cd:5b:bf:96:9a","2022-10-21 13:26:58",45.2
"5c:cd:5b:bf:96:9a","2022-10-21 15:21:44",42.5
"5c:cd:5b:bf:96:9a","2022-10-21 17:16:29",22
"5c:cd:5b:bf:96:9a","2022-10-21 19:11:14",25.6
"5c:cd:5b:bf:96:9a","2022-10-21 21:06:00",38.5
"5c:cd:5b:bf:96:9a","2022-10-21 23:00:45",30.2
"5c:cd:5b:bf:96:9a","2022-10-22 00:55:30",29.3
"5c:cd:5b:bf:96:9a","2022-10-22 02:50:16",25.6
"5c:cd:5b:bf:96:9a","2022-10-22 04:45:01",31.7
"5c:cd:5b:bf:96:9a","2022-10-22 06:39:46",23.1
"5c:cd:5b:bf:96:9a","2022-10-22 08:34:32",39.5
"5c:cd:5b:bf:96:9a","2022-10-22 10:29:17",27
"5c:cd:5b:bf:96:9a","2022-10-22 12:24:03",27.5
"5c:cd:5b:bf:96:9a","2022-10-22 14:18:48",35
"5c:cd:5b:bf:96:9a","2022-10-22 16:13:33",39.5
"5c:cd:5b:bf:96:9a","2022-10-22 18:08:19",22.5
"5c:cd:5b:bf:96:9a","2022-10-22 20:03:04",18.4
"5c:cd:5b:bf:96:9a","2022-10-22 21:57:49",24.4
"5c:cd:5b:bf:96:9a","2022-10-22 23:52:35",43.6
"5c:cd:5b:bf:96:9a","2022-10-23 01:47:20",22.5
"5c:cd:5b:bf:96:9a","2022-10-23 03:42:05",57.5
"5c:cd:5b:bf:96:9a","2022-10-23 05:36:51",23.1
"5c:cd:5b:bf:96:9a","2022-10-23 07:31:36",24.4
"5c:cd:5b:bf:96:9a","2022-10-23 09:26:21",18.4
"5c:cd:5b:bf:96:9a","2022-10-23 11:21:07",35.9
"5c:cd:5b:bf:96:9a","2022-10-23 13:15:52",41
"5c:cd:5b:bf:96:9a","2022-10-23 15:10:37",18.4
"5c:cd:5b:bf:96:9a","2022-10-23 17:05:23",22.5
"5c:cd:5b:bf:96:9a","2022-10-23 19:00:08",22
"5c:cd:5b:bf:96:9a","2022-10-23 20:54:53",17.5
"5c:cd:5b:bf:96:9a","2022-10-23 22:49:39",46.3
"5c:cd:5b:bf:96:9a","2022-10-24 00:44:24",17.5
"5c:cd:5b:bf:96:9a","2022-10-24 02:39:09",50
"5c:cd:5b:bf:96:9a","2022-10-24 04:33:55",17.5
"5c:cd:5b:bf:96:9a","2022-10-24 06:28:40",42.5
"5c:cd:5b:bf:96:9a","2022-10-24 08:23:25",32.5
"5c:cd:5b:bf:96:9a","2022-10-24 10:18:11",13.5
"5c:cd:5b:bf:96:9a","2022-10-24 12:12:56",26.8
"5c:cd:5b:bf:96:9a","2022-10-24 14:07:41",39
"5c:cd:5b:bf:96:9a","2022-10-24 16:02:27",25.6
"5c:cd:5b:bf:96:9a","2022-10-24 17:57:12",42.1
"5c:cd:5b:bf:96:9a","2022-10-24 19:51:57",20
"5c:cd:5b:bf:96:9a","2022-10-24 21:46:43",38.5
"5c:cd:5b:bf:96:9a","2022-10-24 23:41:28",55
"5c:cd:5b:bf:96:9a","2022-10-25 01:36:14",27.9
"5c:cd:5b:bf:96:9a","2022-10-25 03:30:59",22
"5c:cd:5b:bf:96:9a","2022-10-25 05:25:44",22
"5c:cd:5b:bf:96:9a","2022-10-25 07:20:30",24.4
"5c:cd:5b:bf:96:9a","2022-10-25 09:15:15",21.1
"5c:cd:5b:bf:96:9a","2022-10-25 11:10:00",23.8
"5c:cd:5b:bf:96:9a","2022-10-25 13:04:46",25.6
"5c:cd:5b:bf:96:9a","2022-10-25 14:59:31",17.9
"5c:cd:5b:bf:96:9a","2022-10-25 16:54:16",30
"5c:cd:5b:bf:96:9a","2022-10-25 18:49:02",20
"5c:cd:5b:bf:96:9a","2022-10-25 20:43:47",15.8
"5c:cd:5b:bf:96:9a","2022-10-25 22:38:32",30.6
"5c:cd:5b:bf:96:9a","2022-10-26 00:33:18",40
"5c:cd:5b:bf:96:9a","2022-10-26 02:28:03",17.9
"5c:cd:5b:bf:96:9a","2022-10-26 04:22:48",23.8
"5c:cd:5b:bf:96:9a","2022-10-26 06:17:34",17.9
"5c:cd:5b:bf:96:9a","2022-10-26 08:12:19",38.5
"5c:cd:5b:bf:96:9a","2022-10-26 10:07:04",38.5
"5c:cd:5b:bf:96:9a","2022-10-26 12:01:50",35
"5c:cd:5b:bf:96:9a","2022-10-26 13:56:35",34.2
"5c:cd:5b:bf:96:9a","2022-10-26 15:51:20",22.5
"5c:cd:5b:bf:96:9a","2022-10-26 17:46:06",22.5
"5c:cd:5b:bf:96:9a","2022-10-26 19:40:51",64.1
"5c:cd:5b:bf:96:9a","2022-10-26 21:35:36",25
"5c:cd:5b:bf:96:9a","2022-10-26 23:30:22",38.5
"5c:cd:5b:bf:96:9a","2022-10-27 01:25:07",24.3
"5c:cd:5b:bf:96:9a","2022-10-27 03:19:52",17.9
"5c:cd:5b:bf:96:9a","2022-10-27 05:14:38",22
"5c:cd:5b:bf:96:9a","2022-10-27 07:09:23",51.3
"5c:cd:5b:bf:96:9a","2022-10-27 09:04:09",22.5
"5c:cd:5b:bf:96:9a","2022-10-27 10:58:54",39.5
"5c:cd:5b:bf:96:9a","2022-10-27 12:53:39",22.5
"5c:cd:5b:bf:96:9a","2022-10-27 14:48:25",21.6
"5c:cd:5b:bf:96:9a","2022-10-27 16:43:10",29.7
"5c:cd:5b:bf:96:9a","2022-10-27 18:37:55",31.6
"5c:cd:5b:bf:96:9a","2022-10-27 20:32:41",34.1
"5c:cd:5b:bf:96:9a","2022-10-27 22:27:26",40.5
"5c:cd:5b:bf:96:9a","2022-10-28 00:22:11",15.4
"5c:cd:5b:bf:96:9a","2022-10-28 02:16:57",37.1
"5c:cd:5b:bf:96:9a","2022-10-28 04:11:42",47.4
"5c:cd:5b:bf:96:9a","2022-10-28 06:06:27",22.5
"5c:cd:5b:bf:96:9a","2022-10-28 08:01:13",36.6
"5c:cd:5b:bf:96:9a","2022-10-28 09:55:58",80
"5c:cd:5b:bf:96:9a","2022-10-28 11:50:43",25.6
"5c:cd:5b:bf:96:9a","2022-10-28 13:45:29",23.8
"5c:cd:5b:bf:96:9a","2022-10-28 15:40:14",24.4
"5c:cd:5b:bf:96:9a","2022-10-28 17:34:59",29.3
"5c:cd:5b:bf:96:9a","2022-10-28 19:29:45",30.6
"5c:cd:5b:bf:96:9a","2022-10-28 21:24:30",23.8
"5c:cd:5b:bf:96:9a","2022-10-28 23:19:15",25
"5c:cd:5b:bf:96:9a","2022-10-29 01:14:01",31
"5c:cd:5b:bf:96:9a","2022-10-29 03:08:46",50
"5c:cd:5b:bf:96:9a","2022-10-29 05:03:31",46.2
"5c:cd:5b:bf:96:9a","2022-10-29 06:58:17",24.4
"5c:cd:5b:bf:96:9a","2022-10-29 08:53:02",40.5
"5c:cd:5b:bf:96:9a","2022-10-29 10:47:47",57.5
"5c:cd:5b:bf:96:9a","2022-10-29 12:42:33",39
"5c:cd:5b:bf:96:9a","2022-10-29 14:37:18",2.6
"5c:cd:5b:bf:96:9a","2022-10-29 16:32:04",4.9
"5c:cd:5b:bf:96:9a","2022-10-29 18:26:49",10.5
"5c:cd:5b:bf:96:9a","2022-10-29 20:21:34",2.6
"5c:cd:5b:bf:96:9a","2022-10-29 22:16:20",5.1
"5c:cd:5b:bf:96:9a","2022-10-30 00:11:05",5.3
"5c:cd:5b:bf:96:9a","2022-10-30 02:05:50",2.6
"5c:cd:5b:bf:96:9a","2022-10-30 04:00:36",20.5
"5c:cd:5b:bf:96:9a","2022-10-30 05:55:21",31.6
"5c:cd:5b:bf:96:9a","2022-10-30 07:50:06",4.9
"5c:cd:5b:bf:96:9a","2022-10-30 09:44:52",2.6
"5c:cd:5b:bf:96:9a","2022-10-30 11:39:37",5.1
"5c:cd:5b:bf:96:9a","2022-10-30 13:34:22",12.2
"5c:cd:5b:bf:96:9a","2022-10-30 15:29:08",2.6
"5c:cd:5b:bf:96:9a","2022-10-30 17:23:53",5
"5c:cd:5b:bf:96:9a","2022-10-30 19:18:38",5.1
"5c:cd:5b:bf:96:9a","2022-10-30 21:13:24",0
"5c:cd:5b:bf:96:9a","2022-10-30 23:08:09",2.5
"5c:cd:5b:bf:96:9a","2022-10-31 01:02:54",7.1
"5c:cd:5b:bf:96:9a","2022-10-31 02:57:40",42.5
"5c:cd:5b:bf:96:9a","2022-10-31 04:52:25",5.4
"5c:cd:5b:bf:96:9a","2022-10-31 06:47:10",12.5
"5c:cd:5b:bf:96:9a","2022-10-31 08:41:56",2.5
"5c:cd:5b:bf:96:9a","2022-10-31 10:36:41",4.9
"5c:cd:5b:bf:96:9a","2022-10-31 12:31:26",19
"5c:cd:5b:bf:96:9a","2022-10-31 14:26:12",17.5
"5c:cd:5b:bf:96:9a","2022-10-31 16:20:57",15.4
"5c:cd:5b:bf:96:9a","2022-10-31 18:15:42",37.8
"5c:cd:5b:bf:96:9a","2022-10-31 20:10:28",16.2
"5c:cd:5b:bf:96:9a","2022-10-31 22:05:13",10.3
"5c:cd:5b:bf:96:9a","2022-10-31 23:59:59",10.8